-- phpMyAdmin SQL Dump
-- version 5.2.1
-- https://www.phpmyadmin.net/
--
-- Servidor: 127.0.0.1
-- Tiempo de generación: 07-05-2025 a las 04:36:52
-- Versión del servidor: 10.4.32-MariaDB
-- Versión de PHP: 8.2.12

SET SQL_MODE = "NO_AUTO_VALUE_ON_ZERO";
START TRANSACTION;
SET time_zone = "+00:00";


/*!40101 SET @OLD_CHARACTER_SET_CLIENT=@@CHARACTER_SET_CLIENT */;
/*!40101 SET @OLD_CHARACTER_SET_RESULTS=@@CHARACTER_SET_RESULTS */;
/*!40101 SET @OLD_COLLATION_CONNECTION=@@COLLATION_CONNECTION */;
/*!40101 SET NAMES utf8mb4 */;

--
-- Base de datos: `sis_java`
--

-- --------------------------------------------------------

--
-- Estructura de tabla para la tabla `clientes`
--

CREATE TABLE `clientes` (
  `id` int(11) NOT NULL,
  `cedula` varchar(15) NOT NULL,
  `nombre` varchar(180) NOT NULL,
  `telefono` varchar(15) NOT NULL,
  `direccion` varchar(255) NOT NULL
) ENGINE=InnoDB DEFAULT CHARSET=utf8 COLLATE=utf8_spanish_ci;

--
-- Volcado de datos para la tabla `clientes`
--

INSERT INTO `clientes` (`id`, `cedula`, `nombre`, `telefono`, `direccion`) VALUES
(1, '84810326', 'Chucho Alcolea-Mas', '+59154296425', 'Calle Marina Roman #698, Valladolid, Bolivia'),
(2, '80749958', 'Guiomar Izaguirre-Hernández', '+59139377083', 'Via de Leocadia Blanes #576, Alicante, Bolivia'),
(3, '75775886', 'Chita Oller Laguna', '+59113268625', 'C. de Ana Busquets #129, Huelva, Bolivia'),
(4, '24202138', 'Fátima Cantón Galan', '+59138744585', 'Vial Juan Carlos Porta #171, Soria, Bolivia'),
(5, '76527480', 'Cintia Gallardo Ariza', '+59160990896', 'Callejón de Celestino Valderrama #717, Palencia, Bolivia'),
(6, '40270779', 'Juan Antonio Aragón-Santamaría', '+59140930284', 'Pasaje Severiano Roig #868, Tarragona, Bolivia'),
(7, '25522554', 'Zaira Gimeno Amor', '+59133105670', 'Calle de Aníbal Santamaría #404, Cuenca, Bolivia'),
(8, '30037123', 'Carmen Ramis Berenguer', '+59162582116', 'Avenida de Angélica Tejedor #585, Ciudad, Bolivia'),
(9, '23565690', 'Jerónimo Alonso Diego Mancebo', '+59153662827', 'C. de Juan Bautista Atienza #956, Huesca, Bolivia'),
(10, '18716534', 'Manu Morillo Lledó', '+59136725913', 'Rambla de Jorge Cortes #899, Toledo, Bolivia'),
(11, '74607573', 'Cruz Frías Bautista', '+59195589195', 'Pasaje de Eulalia Miró #181, Toledo, Bolivia'),
(12, '25401848', 'Elpidio Santana Llobet', '+59144552572', 'Via de Alba Tolosa #212, Salamanca, Bolivia'),
(13, '71420858', 'Piedad de Escamilla', '+59177505368', 'Vial de Judith Amat #366, Burgos, Bolivia'),
(14, '23737966', 'Amador Casal Pujadas', '+59125878595', 'Vial de Vera Roca #698, Zaragoza, Bolivia'),
(15, '84435158', 'Bonifacio Bustamante-Garcés', '+59169345073', 'Vial Silvestre Alfonso #456, Cáceres, Bolivia'),
(16, '91239040', 'Mercedes Casanovas Calderón', '+59197358356', 'Pasadizo de Jonatan Cuenca #82, Valencia, Bolivia'),
(17, '44313114', 'Dan Bayo Barceló', '+59154295969', 'Urbanización Virginia Rozas #235, Zaragoza, Bolivia'),
(18, '3800894', 'Ainoa Valdés Juliá', '+59180401015', 'Rambla de Poncio Lumbreras #452, Pontevedra, Bolivia'),
(19, '86863628', 'Fortunata Macías Marco', '+59112245153', 'Ronda de Mauricio Echeverría #565, La Rioja, Bolivia'),
(20, '53705380', 'Eugenia Ramírez Manzano', '+59141159237', 'Urbanización de Valentina Sanchez #222, Soria, Bolivia'),
(21, '12654370', 'María Carmen Bas Vizcaíno', '+59153593372', 'C. de Adán Tomé #58, Burgos, Bolivia'),
(22, '82346858', 'Nazario Pomares Plaza', '+59195474542', 'Via de Clemente Coll #542, Barcelona, Bolivia'),
(23, '63071459', 'Pelayo Benjamín Benitez Navarrete', '+59139369776', 'Camino Sonia Robles #820, Baleares, Bolivia'),
(24, '99391389', 'Cristina Violeta Naranjo Velázquez', '+59182512353', 'Callejón Alfredo Cañellas #198, Castellón, Bolivia'),
(25, '46288804', 'Inocencio Alfaro-Zabala', '+59148024922', 'Glorieta de Óscar Valcárcel #846, Huelva, Bolivia'),
(26, '56208358', 'Dorita Camps Díaz', '+59118317204', 'Plaza de Judith Zabaleta #538, Soria, Bolivia'),
(27, '57237549', 'María Del Carmen Somoza Martinez', '+59139867930', 'C. Manuel Valls #333, Las Palmas, Bolivia'),
(28, '32682253', 'Plácido Mariño Barrena', '+59150348304', 'Urbanización de Lisandro Isern #903, Sevilla, Bolivia'),
(29, '17179717', 'Manolo Anacleto Fuentes Cañizares', '+59153101927', 'Glorieta de Sarita Marti #834, Huesca, Bolivia'),
(30, '95254433', 'Ismael Bello', '+59169967746', 'Avenida Jordán Tirado #841, Toledo, Bolivia'),
(31, '28366214', 'Tania Osuna Marqués', '+59126881905', 'Acceso Marcos Cárdenas #432, Soria, Bolivia'),
(32, '15763147', 'Josefina Oliver Mayo', '+59139471582', 'Vial de Luciana Diez #571, La Rioja, Bolivia'),
(33, '88238349', 'Toribio Olivera', '+59180742605', 'Pasaje de Adriana Maestre #950, Ourense, Bolivia'),
(34, '38565781', 'Amor Jaén', '+59157670512', 'Alameda Reyna Páez #148, Ciudad, Bolivia'),
(35, '21160832', 'Néstor Camino Baró', '+59159655845', 'Ronda Nicodemo Hernandez #83, Albacete, Bolivia'),
(36, '74004996', 'Perlita de Navarrete', '+59161592716', 'Glorieta Carlito Nogueira #58, Lleida, Bolivia'),
(37, '44472695', 'Miriam Muro Luís', '+59187901509', 'Calle de Lupe Salgado #700, Huelva, Bolivia'),
(38, '62542390', 'Samu Suárez Mendez', '+59179093615', 'Callejón Agustín Frías #543, Huelva, Bolivia'),
(39, '49046988', 'Rocío Asensio Pla', '+59136656775', 'C. de Victor Ballesteros #165, Huelva, Bolivia'),
(40, '88479456', 'Luis Miguel Casares-Ros', '+59122683296', 'Cañada Serafina Arce #688, León, Bolivia'),
(41, '17005899', 'Anacleto Ramos Capdevila', '+59148968641', 'Paseo de Oriana Puga #17, Palencia, Bolivia'),
(42, '45389355', 'Malena Santiago', '+59161806299', 'Acceso Juan Pablo Muro #275, Murcia, Bolivia'),
(43, '81389975', 'Luís de Espinosa', '+59160954676', 'Calle Julie Villa #543, Girona, Bolivia'),
(44, '26750137', 'Sergio Nicolau Naranjo', '+59134313259', 'Paseo de Toni Morell #708, Navarra, Bolivia'),
(45, '86131332', 'Isaac Sáez-Sancho', '+59145555829', 'Via Dan Menendez #748, Huelva, Bolivia'),
(46, '52891617', 'Pelayo Calderón Toro', '+59168476698', 'Plaza de Emilio Izquierdo #683, Zamora, Bolivia'),
(47, '67986350', 'Ema Jordá Avilés', '+59185930010', 'Camino de Simón Santamaria #997, Baleares, Bolivia'),
(48, '15606893', 'Tomás Bou-Rodriguez', '+59141556878', 'Cuesta Mohamed Haro #856, Cádiz, Bolivia'),
(49, '85082787', 'Belén Tur', '+59169556709', 'Avenida de Lorena Duque #739, Tarragona, Bolivia'),
(50, '10747300', 'Carmelita Sarabia Castrillo', '+59114694617', 'Pasaje Juanito Mercader #356, Zamora, Bolivia'),
(51, '8891646', 'Roberto Bolaños Escribano', '+59142105878', 'Callejón de Regina Sola #170, Granada, Bolivia'),
(52, '54993061', 'Pancho de Vázquez', '+59190405361', 'Rambla de Feliciana Roman #246, Burgos, Bolivia'),
(53, '54461743', 'Norberto González Vélez', '+59188371830', 'Rambla de Juan Barrera #233, Ourense, Bolivia'),
(54, '63606702', 'Jesusa del Varela', '+59118751359', 'Via Juan Bautista Heredia #916, León, Bolivia'),
(55, '64251394', 'Ema Bustos Echevarría', '+59149389700', 'Alameda Abel Mora #40, Granada, Bolivia'),
(56, '16765879', 'Ricardo Cañas Cabeza', '+59141385829', 'Alameda Patricio Guardia #244, Pontevedra, Bolivia'),
(57, '73803703', 'Jovita Galindo', '+59163123457', 'Camino de Desiderio Aller #84, Málaga, Bolivia'),
(58, '74749667', 'Nydia Sanmiguel Fábregas', '+59167758324', 'Vial Jordán Arenas #621, Valladolid, Bolivia'),
(59, '66949183', 'Santiago Lozano Chaves', '+59129956779', 'Cañada Plácido Marti #69, Las Palmas, Bolivia'),
(60, '18304301', 'Ariel Olivera Prada', '+59118351065', 'Pasaje León Moles #786, León, Bolivia'),
(61, '67034612', 'Bautista del Gallo', '+59149938809', 'Pasaje de Jordi Navarrete #501, Santa Cruz de Tenerife, Bolivia'),
(62, '46001455', 'Marisol Otero Contreras', '+59178964865', 'Alameda Asdrubal Uría #102, Madrid, Bolivia'),
(63, '81641872', 'Reyes Narváez', '+59191252556', 'C. de Juan Pablo Quiroga #527, Barcelona, Bolivia'),
(64, '81295523', 'Maxi Iriarte Campoy', '+59187626790', 'Urbanización de Marc Infante #797, Ourense, Bolivia'),
(65, '74938304', 'Rogelio Vizcaíno-Palmer', '+59159724409', 'Avenida de Máximo Ramírez #984, Alicante, Bolivia'),
(66, '24345253', 'Adoración Campo-Paredes', '+59185442919', 'Acceso de Delfina Tapia #136, Sevilla, Bolivia'),
(67, '19270419', 'Adelardo Ruperto Morales Pomares', '+59192000503', 'Pasadizo de Jonatan Merino #634, Cantabria, Bolivia'),
(68, '20414023', 'Glauco Cordero Mur', '+59142644718', 'Cuesta de Jenaro Galiano #683, Jaén, Bolivia'),
(69, '12102862', 'Guiomar Valbuena Nevado', '+59159509560', 'Via de Ricardo Briones #285, Cuenca, Bolivia'),
(70, '90165785', 'Raúl Posada Berenguer', '+59132479917', 'Camino de Gonzalo Bosch #14, Guadalajara, Bolivia'),
(71, '30428909', 'Fabio Carbajo Lladó', '+59123436297', 'Pasadizo Quirino Company #109, Alicante, Bolivia'),
(72, '93272513', 'Mateo Franch Tamayo', '+59171902781', 'Cañada Cleto Requena #838, Zaragoza, Bolivia'),
(73, '47021022', 'Sabas Valderrama-Mas', '+59140607076', 'Cañada de Marta Duran #404, Murcia, Bolivia'),
(74, '28126560', 'Jenny Puga Arnaiz', '+59135371235', 'Acceso Miguel Ángel Pomares #213, Cantabria, Bolivia'),
(75, '3687613', 'Omar de Borrego', '+59189416223', 'Ronda de Eligia Velasco #426, Salamanca, Bolivia'),
(76, '41867270', 'Adelina Rosell Chico', '+59157827542', 'Acceso de Celestino Álvarez #998, Melilla, Bolivia'),
(77, '47445185', 'Ignacio Arnau', '+59154429858', 'Glorieta de Régulo Angulo #784, Valladolid, Bolivia'),
(78, '55144014', 'Manu Valls Alonso', '+59116816637', 'Alameda Laura Aroca #368, Toledo, Bolivia'),
(79, '5623406', 'Lalo Valero Valls Bou', '+59152719743', 'Pasaje Clímaco Naranjo #19, Valencia, Bolivia'),
(80, '87274011', 'Vidal Guillermo Gaya Frutos', '+59140645710', 'Ronda de Joel Barco #446, Vizcaya, Bolivia'),
(81, '59577176', 'Paca Bayón Mercader', '+59198563954', 'Pasaje de Graciana Llano #227, Soria, Bolivia'),
(82, '40946068', 'Anunciación Tapia Cifuentes', '+59191758712', 'C. Julián Menéndez #490, Valencia, Bolivia'),
(83, '86753405', 'Cesar Herrera Fernandez', '+59168676552', 'Paseo de Olegario Sánchez #407, Lugo, Bolivia'),
(84, '50628285', 'Albino Pi Pizarro', '+59126405001', 'Plaza de Pío Torrents #213, Albacete, Bolivia'),
(85, '30726463', 'María Del Carmen Sevilla Ariza', '+59196212478', 'Urbanización Isidora Téllez #690, Huelva, Bolivia'),
(86, '6215149', 'Flavia Lago-Sabater', '+59198246277', 'Avenida Tito Armas #440, Guipúzcoa, Bolivia'),
(87, '52843120', 'Marisol Alejandra Morante Poza', '+59190873326', 'Alameda Petrona Barrios #800, Lugo, Bolivia'),
(88, '61926619', 'Teodosio Salazar Coca', '+59123990185', 'Pasaje Cándido Pujol #636, La Coruña, Bolivia'),
(89, '27185512', 'Amelia Escalona Zamora', '+59166407217', 'Camino Loida Varela #972, León, Bolivia'),
(90, '50597886', 'Rocío Mendez Herrera', '+59159651300', 'Camino de Ale Peralta #544, Granada, Bolivia'),
(91, '99397167', 'Jose Morera-Carretero', '+59163962050', 'Avenida Laura Roldán #364, Pontevedra, Bolivia'),
(92, '36031310', 'Haroldo Arnal Dalmau', '+59120678156', 'Cañada de Marcelino Barragán #66, Tarragona, Bolivia'),
(93, '35712787', 'Ulises Perea Tenorio', '+59185447823', 'Pasadizo Adoración Milla #817, Almería, Bolivia'),
(94, '39265024', 'Faustino Alcaraz', '+59149918247', 'C. Evita Heredia #271, Ourense, Bolivia'),
(95, '30499293', 'Eloísa Esteban Bustos', '+59162320338', 'Vial Amaya Grau #221, Asturias, Bolivia'),
(96, '30507560', 'Olga del Hoz', '+59136947427', 'Cañada Ovidio Iborra #51, Albacete, Bolivia'),
(97, '25059166', 'Amanda Cerdá Esteban', '+59156143388', 'C. de Rosenda Saavedra #105, Burgos, Bolivia'),
(98, '9782943', 'Mercedes Azcona', '+59113280802', 'Cañada de África Giralt #465, Teruel, Bolivia'),
(99, '9553903', 'Marcelino del Morante', '+59188950855', 'Pasadizo Haroldo Galán #349, Granada, Bolivia'),
(100, '72184180', 'Cipriano Figueroa Sevillano', '+59177487748', 'Pasadizo de Narciso Alberola #229, Granada, Bolivia'),
(101, '60748237', 'Camila del Dávila', '+59115051519', 'Cañada de Ciriaco Pina #209, Jaén, Bolivia'),
(102, '7396333', 'Priscila Ugarte Rojas', '+59176312548', 'Cuesta de Lupe Galiano #139, Cuenca, Bolivia'),
(103, '89609643', 'Íñigo del Becerra', '+59126955943', 'Callejón José Mari Morell #618, Barcelona, Bolivia'),
(104, '81996794', 'Mayte Segura Barrios', '+59167846051', 'Alameda Bruno Lumbreras #811, Navarra, Bolivia'),
(105, '57445556', 'Josefina del Canet', '+59151087800', 'C. Dionisia Gascón #36, Castellón, Bolivia'),
(106, '42370344', 'Cornelio Azcona', '+59179041038', 'Via Alma Espejo #806, Ciudad, Bolivia'),
(107, '49477480', 'Esther Olga Gutiérrez López', '+59199626037', 'Via de Malena Cuesta #786, Vizcaya, Bolivia'),
(108, '59904701', 'Agustín Rosa Hurtado', '+59151657130', 'Camino Olalla Casado #987, Toledo, Bolivia'),
(109, '15734682', 'Quique Roldan-Valera', '+59199085435', 'Avenida de Camila Mariscal #647, Cantabria, Bolivia'),
(110, '91137444', 'Reyes Puig Aragón', '+59152192146', 'Glorieta de Vera Redondo #480, Sevilla, Bolivia'),
(111, '87828511', 'Amaya Tena Cortés', '+59140186296', 'Ronda de Simón Cruz #404, La Rioja, Bolivia'),
(112, '75746673', 'Eugenio Gómez-Riera', '+59165603529', 'C. de Eliana Castelló #579, Salamanca, Bolivia'),
(113, '21684322', 'María Ángeles Falcón Iriarte', '+59119561631', 'Acceso Hector Aramburu #690, Álava, Bolivia'),
(114, '96097636', 'Venceslás Rebollo Sancho', '+59157193597', 'Via Epifanio Agullo #809, Segovia, Bolivia'),
(115, '94459075', 'Moisés Trillo Torrijos', '+59145030420', 'Callejón Adelardo Palacios #442, Navarra, Bolivia'),
(116, '79928957', 'Luciano Vilaplana Guitart', '+59175642566', 'C. Isaías Alegria #877, Sevilla, Bolivia'),
(117, '67492317', 'Pedro Porcel Cabello', '+59115878361', 'Cuesta de Abilio Alcántara #663, Pontevedra, Bolivia'),
(118, '89309831', 'Vilma Perera Plaza', '+59179223475', 'Callejón de Pepe Carreras #847, Zamora, Bolivia'),
(119, '67538624', 'Segismundo Édgar Rios Giner', '+59141192011', 'Urbanización Úrsula Rosa #142, Cádiz, Bolivia'),
(120, '99986107', 'Sonia Urrutia Morán', '+59129584825', 'Alameda Isidoro Ibáñez #484, Murcia, Bolivia'),
(121, '33681203', 'Herminia de Barral', '+59192800186', 'Cuesta de Chus Cabo #703, Albacete, Bolivia'),
(122, '9054255', 'Febe Cárdenas Neira', '+59165952688', 'Avenida de Jeremías Lopez #435, Córdoba, Bolivia'),
(123, '27550824', 'Clotilde Real Iglesias', '+59186775390', 'C. Amor Losada #328, La Coruña, Bolivia'),
(124, '72584710', 'Eleuterio Lozano Gras', '+59111267621', 'Avenida Leonor Castells #910, Burgos, Bolivia'),
(125, '22485270', 'Íngrid Amorós Feijoo', '+59145240911', 'Camino Andrea Guardiola #769, Cuenca, Bolivia'),
(126, '63010628', 'Rodolfo Arcos Jódar', '+59157014380', 'Paseo Vinicio Lopez #50, Ciudad, Bolivia'),
(127, '50243148', 'Josep Albero Uriarte', '+59156833879', 'Glorieta Amanda Sacristán #860, Teruel, Bolivia'),
(128, '96253742', 'Jessica Arenas Ricart', '+59135953022', 'Urbanización de Iris Beltrán #74, Jaén, Bolivia'),
(129, '91744069', 'Timoteo del Córdoba', '+59181377594', 'Pasadizo Baldomero Roldan #682, Santa Cruz de Tenerife, Bolivia'),
(130, '30414247', 'Efraín Perea Alfaro', '+59116502663', 'Camino Gala Ramón #550, Vizcaya, Bolivia'),
(131, '65122196', 'Teresita Eliana Téllez Arnal', '+59125397333', 'Paseo Mar Sainz #472, Las Palmas, Bolivia'),
(132, '48089636', 'Manuela Cerdá Escrivá', '+59154802569', 'Cañada de Ezequiel Núñez #898, La Coruña, Bolivia'),
(133, '51399319', 'Rico Ros Barco', '+59179218552', 'Via de Prudencia Arnal #379, Burgos, Bolivia'),
(134, '8864668', 'Calixta de Asensio', '+59194855382', 'Callejón Evaristo Puerta #731, La Coruña, Bolivia'),
(135, '3018277', 'Evangelina Rosado Moliner', '+59182745686', 'Alameda de Vasco Checa #630, Madrid, Bolivia'),
(136, '51678777', 'Josep Godoy Vendrell', '+59196071299', 'Paseo de Nereida Quiroga #990, Guadalajara, Bolivia'),
(137, '76161877', 'Jorge Duque Cazorla', '+59165078340', 'Cañada Timoteo Estévez #669, La Coruña, Bolivia'),
(138, '3052620', 'Florencia Coll Rincón', '+59185547312', 'Ronda de Adriana Casal #35, Cantabria, Bolivia'),
(139, '39375172', 'Jose Francisco Viña Montalbán', '+59117726808', 'C. de Aarón Salinas #278, Salamanca, Bolivia'),
(140, '55186103', 'Nicanor Ferrán Infante', '+59148673767', 'Camino Lidia Francisco #494, Burgos, Bolivia'),
(141, '81536718', 'Cristian Lasa Ramón', '+59170774307', 'Cuesta Silvio Garcés #602, Vizcaya, Bolivia'),
(142, '44511572', 'Marianela de Pedro', '+59173126744', 'Avenida Carmelo Landa #134, Asturias, Bolivia'),
(143, '67872506', 'Loreto Sáenz Acero', '+59173952477', 'Calle Yéssica Montoya #402, Las Palmas, Bolivia'),
(144, '40325012', 'María Ángeles Sabater Bustos', '+59178883447', 'Camino de Vasco Vélez #401, Jaén, Bolivia'),
(145, '57970552', 'Nerea Calderon Fuente', '+59162937897', 'C. Emperatriz Salazar #341, Alicante, Bolivia'),
(146, '59934600', 'Antonia Cañete Berenguer', '+59176499072', 'Ronda de Charo Zamorano #178, Cantabria, Bolivia'),
(147, '13299685', 'Leticia Pozo Lladó', '+59158448860', 'Camino Graciano Casanovas #162, Álava, Bolivia'),
(148, '36425983', 'Aroa Cabanillas Jódar', '+59175844678', 'Rambla de Juana Crespi #113, Ourense, Bolivia'),
(149, '24354632', 'Eligia Camacho', '+59199116300', 'Plaza de Graciano Rosa #477, Barcelona, Bolivia'),
(150, '72810140', 'Bibiana Andrés-Carrasco', '+59164620536', 'Alameda Adalberto Peral #241, Ciudad, Bolivia'),
(151, '74852933', 'Luis Miguel Escamilla', '+59134849770', 'Pasaje Gustavo Ferrando #972, Valladolid, Bolivia'),
(152, '86384668', 'Fabián Soler Valbuena', '+59165304766', 'Vial Silvia Juan #797, Teruel, Bolivia'),
(153, '99020127', 'Dan Blanco Bartolomé', '+59159525319', 'Acceso de Dionisia Ordóñez #476, Murcia, Bolivia'),
(154, '21725272', 'Eufemia Ocaña Coca', '+59199481434', 'Camino Félix Plana #338, Alicante, Bolivia'),
(155, '6407713', 'Adelia Beatriz Carbajo Bermudez', '+59115228139', 'Urbanización de Jesusa Bastida #537, Almería, Bolivia'),
(156, '26521157', 'Dan Boix', '+59149655588', 'Callejón Ciriaco Reig #35, Cáceres, Bolivia'),
(157, '16283154', 'Marcio Vaquero Jaén', '+59174936657', 'Ronda de Eutimio Uriarte #7, Asturias, Bolivia'),
(158, '442221', 'Reyes Corral Pablo', '+59119917077', 'C. de Loreto Mateo #211, Segovia, Bolivia'),
(159, '23963437', 'Anunciación Corral Rivas', '+59148299351', 'Calle Maricela Haro #768, Valladolid, Bolivia'),
(160, '68887864', 'Ciríaco Miralles Méndez', '+59185315577', 'Urbanización Rosaura Gordillo #600, Granada, Bolivia'),
(161, '6479537', 'Ciro Batalla Rodriguez', '+59170185560', 'Urbanización Guadalupe Gomila #339, Soria, Bolivia'),
(162, '17475741', 'Virgilio Sanchez Benito', '+59126419539', 'Cañada de Hernando Belmonte #300, Huesca, Bolivia'),
(163, '80810877', 'Amor Manuel Rodríguez', '+59165751310', 'Alameda Roque Pagès #445, Jaén, Bolivia'),
(164, '2642962', 'Dalila Perelló Fábregas', '+59118873230', 'Paseo Fortunata Casanovas #709, Asturias, Bolivia'),
(165, '59890384', 'Sergio Vidal Taboada', '+59194723300', 'Plaza de Severino Olmo #290, Málaga, Bolivia'),
(166, '10997258', 'Carlos Alcalá Manzano', '+59127989638', 'Cuesta de Edu Nicolás #985, Sevilla, Bolivia'),
(167, '10133733', 'Ema Sosa Arteaga', '+59157619605', 'Avenida Geraldo Rios #708, Córdoba, Bolivia'),
(168, '79540056', 'Ana Belén Vilar Iriarte', '+59145163340', 'Acceso de Brígida Rios #308, La Coruña, Bolivia'),
(169, '21511478', 'Reinaldo Figueroa Santana', '+59123656932', 'Vial de Lupe Ramis #110, Cádiz, Bolivia'),
(170, '27970007', 'Desiderio del Valle', '+59123749499', 'Pasadizo de María Fernanda Alberto #941, Madrid, Bolivia'),
(171, '87252091', 'Artemio Tena Amaya', '+59157707813', 'Camino de Leandro Belda #539, Alicante, Bolivia'),
(172, '10421431', 'Jose Ignacio Adrián Palacio Jaume', '+59126475362', 'Callejón de Marisela Pinedo #196, La Coruña, Bolivia'),
(173, '59355563', 'Rodolfo Varela Jerez', '+59161262457', 'Alameda Remigio Gimenez #352, Álava, Bolivia'),
(174, '91081566', 'Aitana Alegria Maza', '+59162342912', 'Paseo Mayte Gallego #205, Pontevedra, Bolivia'),
(175, '9070819', 'Fernanda Jordá Abril', '+59115005404', 'Pasadizo Noé Alcázar #12, Girona, Bolivia'),
(176, '22901370', 'Custodia Guerrero Batalla', '+59186418155', 'Cuesta de Cintia Gordillo #9, La Coruña, Bolivia'),
(177, '40668384', 'Agustina Tovar Huguet', '+59112707074', 'Cañada de Aránzazu Vendrell #746, Palencia, Bolivia'),
(178, '79797196', 'Paula Andrés Bilbao', '+59151002026', 'Callejón de Irma Rocamora #492, Las Palmas, Bolivia'),
(179, '1515491', 'Maximiano Pastor Toledo', '+59166147373', 'Calle de Rosalva Granados #614, Zamora, Bolivia'),
(180, '590540', 'Samu Aramburu', '+59181812557', 'Pasaje Iris Sainz #991, Castellón, Bolivia'),
(181, '51828298', 'Esteban Baños Ramos', '+59165675542', 'Rambla Osvaldo Beltran #746, Jaén, Bolivia'),
(182, '82595665', 'Lourdes Duran Pineda', '+59150490248', 'Calle Esmeralda Bru #58, Valladolid, Bolivia'),
(183, '67973122', 'Maristela Giralt Amaya', '+59117784150', 'Alameda de Juan Pablo Mariño #876, Zamora, Bolivia'),
(184, '7726417', 'Susana Ramis Gallardo', '+59151382995', 'Calle de Ana Manzanares #941, Pontevedra, Bolivia'),
(185, '31734262', 'León Cerdá Urrutia', '+59159862041', 'Paseo Felicia Gimenez #389, Huesca, Bolivia'),
(186, '59744952', 'Tere Palomar Quirós', '+59194132531', 'Vial de Rebeca Cuesta #355, Huelva, Bolivia'),
(187, '96247008', 'Jacinto Jose Francisco Arteaga Correa', '+59125576904', 'Paseo Domingo Nicolás #715, Pontevedra, Bolivia'),
(188, '19783965', 'Edelmira Lara Tovar', '+59125640014', 'Alameda Almudena Tormo #806, Teruel, Bolivia'),
(189, '21067178', 'Graciana Perla Caro Elorza', '+59136547221', 'Pasadizo Paloma Martín #540, Ávila, Bolivia'),
(190, '17657848', 'Perla Comas Bas', '+59171657955', 'Avenida de Azahar Amigó #330, León, Bolivia'),
(191, '74089731', 'Paulina Rosselló Ortega', '+59158079624', 'Ronda Virginia Arregui #741, Córdoba, Bolivia'),
(192, '23428937', 'Visitación Herranz Doménech', '+59159944039', 'Callejón Susanita Vilaplana #748, Asturias, Bolivia'),
(193, '51662283', 'Encarnacion Serrano Ordóñez', '+59124652694', 'Pasadizo Victoriano Donoso #554, Guipúzcoa, Bolivia'),
(194, '74687183', 'Cayetana Solsona Vallejo', '+59170610805', 'Pasadizo de Adelia Escolano #654, Lleida, Bolivia'),
(195, '25905230', 'Abraham Onofre Alcázar Barral', '+59133223841', 'Paseo de Perlita Rojas #852, Girona, Bolivia'),
(196, '93594900', 'Renato del Ledesma', '+59199043531', 'Ronda de Aureliano Valenciano #168, Granada, Bolivia'),
(197, '12917364', 'Tamara de Benítez', '+59163034655', 'Rambla Noelia Casal #813, Castellón, Bolivia'),
(198, '37190343', 'Paulino Mateos Berenguer', '+59188980732', 'Callejón Leandro Pareja #103, León, Bolivia'),
(199, '4083925', 'Soledad Exposito Carrión', '+59149365322', 'Calle Gregorio Tejera #643, La Rioja, Bolivia'),
(200, '73589969', 'Irene Vera Esparza', '+59130966877', 'Paseo Rubén Giralt #660, Ciudad, Bolivia'),
(10001, '12', 'pr', '31213', 'asdas');

-- --------------------------------------------------------

--
-- Estructura de tabla para la tabla `config`
--

CREATE TABLE `config` (
  `id` int(11) NOT NULL,
  `ruc` int(15) NOT NULL,
  `nombre` varchar(255) NOT NULL,
  `telefono` int(11) NOT NULL,
  `direccion` text NOT NULL,
  `mensaje` varchar(255) NOT NULL
) ENGINE=InnoDB DEFAULT CHARSET=utf8 COLLATE=utf8_spanish_ci;

--
-- Volcado de datos para la tabla `config`
--

INSERT INTO `config` (`id`, `ruc`, `nombre`, `telefono`, `direccion`, `mensaje`) VALUES
(1, 65479877, 'Tecnology', 957847894, 'Lima - Perú', 'Gracias por la compra');

-- --------------------------------------------------------

--
-- Estructura de tabla para la tabla `detalle`
--

CREATE TABLE `detalle` (
  `id` int(11) NOT NULL,
  `id_pro` int(11) NOT NULL,
  `cantidad` int(11) NOT NULL,
  `precio` decimal(10,2) NOT NULL,
  `id_venta` int(11) NOT NULL
) ENGINE=InnoDB DEFAULT CHARSET=utf8 COLLATE=utf8_spanish_ci;

--
-- Volcado de datos para la tabla `detalle`
--

INSERT INTO `detalle` (`id`, `id_pro`, `cantidad`, `precio`, `id_venta`) VALUES
(1, 39, 6, 70.83, 840),
(2, 709, 2, 43.51, 218),
(3, 723, 10, 98.55, 291),
(4, 911, 10, 96.94, 968),
(5, 944, 6, 64.01, 335),
(6, 514, 2, 33.68, 822),
(7, 950, 4, 17.26, 273),
(8, 214, 9, 57.73, 994),
(9, 101, 1, 62.91, 431),
(10, 210, 4, 98.70, 990),
(11, 596, 6, 96.77, 701),
(12, 810, 5, 52.50, 520),
(13, 40, 1, 42.67, 528),
(14, 443, 2, 78.46, 981),
(15, 669, 2, 8.83, 258),
(16, 958, 7, 97.43, 45),
(17, 312, 5, 42.47, 679),
(18, 275, 9, 92.88, 649),
(19, 929, 9, 14.56, 293),
(20, 60, 6, 71.22, 566),
(21, 761, 1, 56.92, 651),
(22, 967, 2, 31.12, 702),
(23, 814, 4, 19.80, 448),
(24, 665, 9, 49.52, 57),
(25, 707, 5, 23.95, 80),
(26, 507, 1, 12.38, 375),
(27, 166, 4, 62.90, 811),
(28, 430, 7, 63.84, 778),
(29, 152, 8, 35.41, 148),
(30, 655, 4, 17.81, 437),
(31, 838, 9, 98.60, 275),
(32, 64, 1, 89.69, 198),
(33, 601, 7, 23.84, 368),
(34, 216, 4, 31.19, 822),
(35, 206, 4, 43.28, 400),
(36, 780, 5, 99.73, 740),
(37, 520, 6, 74.60, 822),
(38, 274, 1, 10.50, 305),
(39, 748, 8, 17.27, 856),
(40, 401, 8, 80.11, 814),
(41, 425, 2, 51.09, 700),
(42, 38, 1, 44.84, 375),
(43, 137, 8, 69.47, 59),
(44, 740, 2, 49.66, 73),
(45, 699, 10, 61.22, 611),
(46, 239, 8, 63.82, 240),
(47, 316, 8, 79.75, 70),
(48, 199, 6, 39.65, 813),
(49, 505, 5, 78.61, 207),
(50, 641, 6, 90.66, 785),
(51, 826, 8, 95.06, 757),
(52, 314, 3, 51.86, 495),
(53, 587, 1, 33.83, 622),
(54, 834, 3, 8.82, 175),
(55, 637, 5, 84.40, 332),
(56, 513, 5, 48.69, 684),
(57, 840, 2, 27.20, 529),
(58, 564, 5, 89.27, 906),
(59, 496, 4, 72.18, 593),
(60, 212, 4, 70.39, 296),
(61, 4, 10, 15.43, 198),
(62, 924, 4, 79.60, 900),
(63, 527, 4, 92.81, 914),
(64, 671, 7, 16.06, 103),
(65, 344, 9, 62.02, 145),
(66, 149, 8, 98.45, 948),
(67, 744, 6, 8.60, 313),
(68, 305, 1, 15.64, 461),
(69, 777, 1, 37.22, 883),
(70, 620, 1, 46.19, 679),
(71, 759, 10, 82.15, 578),
(72, 972, 6, 48.80, 286),
(73, 621, 9, 16.49, 715),
(74, 235, 3, 94.48, 943),
(75, 675, 2, 44.88, 93),
(76, 293, 1, 52.86, 883),
(77, 175, 6, 22.90, 315),
(78, 795, 10, 75.81, 305),
(79, 851, 6, 10.76, 232),
(80, 220, 6, 77.08, 783),
(81, 595, 3, 9.23, 495),
(82, 331, 1, 23.55, 549),
(83, 44, 1, 10.26, 894),
(84, 976, 2, 62.11, 624),
(85, 375, 9, 96.81, 231),
(86, 74, 6, 64.95, 774),
(87, 423, 2, 74.71, 107),
(88, 919, 10, 52.56, 773),
(89, 754, 10, 89.82, 374),
(90, 711, 4, 99.79, 222),
(91, 617, 10, 62.36, 909),
(92, 950, 1, 39.62, 865),
(93, 315, 7, 9.39, 329),
(94, 924, 5, 42.64, 10),
(95, 946, 6, 34.40, 822),
(96, 844, 2, 6.15, 701),
(97, 745, 1, 56.95, 343),
(98, 205, 7, 51.06, 119),
(99, 81, 3, 34.09, 979),
(100, 465, 1, 10.34, 401),
(101, 510, 9, 43.82, 8),
(102, 947, 7, 42.58, 178),
(103, 758, 8, 46.83, 416),
(104, 155, 7, 47.88, 870),
(105, 156, 9, 88.76, 644),
(106, 152, 6, 57.07, 194),
(107, 940, 1, 69.14, 485),
(108, 454, 7, 30.36, 718),
(109, 38, 7, 26.89, 933),
(110, 300, 8, 64.39, 329),
(111, 125, 6, 94.33, 258),
(112, 757, 2, 65.49, 728),
(113, 673, 2, 95.07, 49),
(114, 470, 6, 54.22, 264),
(115, 806, 7, 20.22, 960),
(116, 985, 6, 5.67, 885),
(117, 415, 7, 65.03, 403),
(118, 452, 6, 84.11, 285),
(119, 799, 7, 83.68, 908),
(120, 166, 2, 69.82, 655),
(121, 676, 10, 31.58, 141),
(122, 910, 2, 40.35, 121),
(123, 874, 10, 91.54, 295),
(124, 356, 5, 9.53, 668),
(125, 630, 7, 77.82, 643),
(126, 165, 9, 82.87, 966),
(127, 335, 4, 32.82, 469),
(128, 790, 4, 51.52, 812),
(129, 709, 6, 29.36, 361),
(130, 991, 1, 31.18, 254),
(131, 131, 7, 93.34, 438),
(132, 428, 4, 50.47, 358),
(133, 190, 6, 98.74, 116),
(134, 94, 3, 38.75, 65),
(135, 632, 8, 28.50, 793),
(136, 510, 7, 21.64, 69),
(137, 258, 6, 34.15, 929),
(138, 511, 10, 61.98, 84),
(139, 338, 10, 22.44, 255),
(140, 517, 7, 7.90, 68),
(141, 352, 7, 14.21, 557),
(142, 835, 7, 94.96, 363),
(143, 17, 4, 94.65, 468),
(144, 342, 5, 41.00, 605),
(145, 777, 8, 94.21, 83),
(146, 615, 1, 84.21, 154),
(147, 1, 5, 43.24, 842),
(148, 257, 5, 36.48, 665),
(149, 383, 9, 17.57, 564),
(150, 935, 3, 72.31, 532),
(151, 147, 4, 80.17, 481),
(152, 683, 3, 23.72, 191),
(153, 493, 4, 15.90, 365),
(154, 905, 7, 68.97, 634),
(155, 231, 9, 6.42, 289),
(156, 489, 7, 61.68, 18),
(157, 985, 10, 55.40, 425),
(158, 358, 8, 64.95, 955),
(159, 188, 3, 40.03, 117),
(160, 205, 2, 44.98, 269),
(161, 192, 10, 97.54, 575),
(162, 76, 1, 90.22, 18),
(163, 6, 5, 61.18, 455),
(164, 506, 4, 89.94, 483),
(165, 822, 10, 65.21, 904),
(166, 225, 9, 46.90, 362),
(167, 127, 4, 21.51, 855),
(168, 904, 5, 10.76, 541),
(169, 993, 3, 65.89, 725),
(170, 632, 4, 11.56, 69),
(171, 791, 2, 91.29, 172),
(172, 827, 3, 48.34, 385),
(173, 42, 2, 79.50, 263),
(174, 522, 6, 79.10, 852),
(175, 873, 1, 44.12, 912),
(176, 515, 6, 70.00, 155),
(177, 93, 2, 27.35, 559),
(178, 65, 7, 22.49, 448),
(179, 389, 3, 88.81, 628),
(180, 457, 5, 50.39, 133),
(181, 505, 6, 66.91, 410),
(182, 677, 9, 91.16, 939),
(183, 489, 9, 86.96, 368),
(184, 602, 5, 71.27, 675),
(185, 802, 3, 83.36, 317),
(186, 955, 5, 12.72, 370),
(187, 243, 8, 32.56, 890),
(188, 985, 1, 43.40, 169),
(189, 601, 10, 69.46, 449),
(190, 941, 8, 86.05, 585),
(191, 516, 5, 38.17, 120),
(192, 912, 4, 35.02, 555),
(193, 751, 9, 40.02, 715),
(194, 760, 7, 70.33, 766),
(195, 157, 6, 46.89, 852),
(196, 804, 10, 87.43, 987),
(197, 185, 3, 45.24, 198),
(198, 802, 8, 11.61, 944),
(199, 403, 2, 94.74, 138),
(200, 679, 9, 52.75, 116),
(201, 798, 6, 35.87, 470),
(202, 470, 7, 72.18, 822),
(203, 276, 10, 17.03, 954),
(204, 436, 2, 68.76, 232),
(205, 86, 1, 14.83, 240),
(206, 674, 7, 76.26, 22),
(207, 796, 6, 43.96, 162),
(208, 231, 9, 32.06, 383),
(209, 145, 10, 95.08, 276),
(210, 345, 6, 38.62, 113),
(211, 150, 8, 8.80, 740),
(212, 61, 4, 34.18, 338),
(213, 387, 9, 9.57, 266),
(214, 717, 10, 23.80, 876),
(215, 227, 6, 13.93, 1000),
(216, 390, 1, 98.98, 520),
(217, 337, 3, 75.20, 998),
(218, 1, 8, 63.89, 30),
(219, 600, 2, 30.33, 534),
(220, 675, 8, 42.36, 206),
(221, 306, 5, 86.79, 417),
(222, 500, 1, 14.92, 952),
(223, 430, 5, 6.50, 708),
(224, 785, 2, 34.67, 362),
(225, 256, 6, 71.18, 248),
(226, 757, 1, 38.74, 739),
(227, 1, 4, 37.20, 487),
(228, 186, 10, 71.30, 104),
(229, 71, 5, 43.78, 508),
(230, 413, 7, 45.66, 275),
(231, 96, 3, 24.25, 97),
(232, 342, 10, 24.30, 328),
(233, 742, 5, 24.16, 436),
(234, 490, 10, 50.36, 191),
(235, 214, 6, 35.60, 922),
(236, 811, 1, 47.73, 419),
(237, 95, 7, 50.25, 128),
(238, 509, 5, 54.79, 195),
(239, 147, 9, 9.62, 771),
(240, 788, 9, 86.17, 311),
(241, 590, 7, 71.03, 986),
(242, 74, 6, 28.60, 343),
(243, 937, 6, 54.73, 195),
(244, 497, 9, 68.79, 398),
(245, 718, 4, 92.82, 922),
(246, 322, 3, 40.53, 27),
(247, 271, 7, 92.36, 518),
(248, 5, 1, 49.74, 975),
(249, 517, 7, 69.68, 656),
(250, 727, 1, 13.17, 136),
(251, 673, 10, 12.22, 576),
(252, 772, 2, 89.60, 345),
(253, 687, 5, 36.96, 902),
(254, 3, 3, 22.81, 561),
(255, 853, 9, 68.41, 761),
(256, 465, 6, 6.38, 961),
(257, 665, 2, 19.41, 309),
(258, 509, 7, 80.28, 401),
(259, 281, 2, 8.95, 972),
(260, 587, 2, 66.02, 592),
(261, 444, 5, 13.68, 937),
(262, 912, 10, 53.82, 68),
(263, 657, 8, 42.90, 971),
(264, 55, 3, 59.50, 408),
(265, 193, 10, 83.30, 722),
(266, 848, 7, 31.53, 512),
(267, 917, 8, 18.55, 398),
(268, 596, 8, 78.95, 649),
(269, 855, 4, 14.61, 401),
(270, 67, 2, 10.02, 803),
(271, 223, 9, 29.39, 63),
(272, 232, 10, 28.82, 219),
(273, 33, 2, 68.22, 645),
(274, 205, 1, 72.40, 578),
(275, 81, 9, 88.63, 751),
(276, 921, 7, 38.77, 241),
(277, 132, 8, 59.25, 663),
(278, 597, 9, 26.57, 920),
(279, 436, 5, 38.32, 917),
(280, 127, 4, 24.16, 919),
(281, 352, 6, 69.81, 16),
(282, 351, 6, 93.98, 195),
(283, 893, 10, 13.44, 671),
(284, 188, 3, 41.89, 736),
(285, 521, 9, 22.72, 430),
(286, 262, 3, 70.18, 239),
(287, 221, 8, 56.87, 689),
(288, 139, 4, 36.64, 435),
(289, 967, 3, 52.20, 459),
(290, 132, 1, 40.92, 807),
(291, 460, 6, 99.28, 83),
(292, 274, 7, 75.83, 816),
(293, 234, 5, 98.23, 1),
(294, 667, 7, 18.08, 505),
(295, 515, 4, 79.73, 909),
(296, 951, 7, 82.29, 828),
(297, 156, 6, 52.39, 256),
(298, 620, 1, 93.80, 812),
(299, 165, 5, 44.12, 378),
(300, 125, 6, 95.44, 383),
(301, 668, 3, 77.56, 991),
(302, 366, 10, 28.18, 902),
(303, 815, 8, 23.04, 371),
(304, 417, 7, 77.59, 792),
(305, 259, 5, 13.37, 18),
(306, 3, 5, 14.54, 732),
(307, 302, 7, 96.03, 564),
(308, 847, 10, 66.06, 638),
(309, 400, 2, 59.56, 940),
(310, 192, 10, 56.81, 790),
(311, 487, 6, 37.46, 675),
(312, 850, 10, 51.43, 915),
(313, 437, 7, 34.87, 318),
(314, 232, 6, 71.01, 625),
(315, 449, 1, 57.17, 904),
(316, 54, 4, 98.78, 183),
(317, 310, 5, 25.47, 303),
(318, 413, 1, 8.84, 595),
(319, 796, 7, 87.40, 258),
(320, 545, 2, 23.34, 426),
(321, 909, 10, 27.60, 397),
(322, 260, 7, 52.30, 702),
(323, 361, 1, 68.11, 958),
(324, 794, 4, 51.49, 142),
(325, 968, 9, 81.41, 317),
(326, 622, 8, 73.06, 694),
(327, 519, 9, 44.75, 138),
(328, 857, 2, 17.55, 952),
(329, 461, 4, 56.81, 116),
(330, 266, 7, 88.61, 630),
(331, 935, 9, 72.39, 884),
(332, 600, 8, 55.69, 110),
(333, 706, 4, 8.58, 625),
(334, 362, 10, 84.87, 978),
(335, 488, 1, 32.37, 81),
(336, 814, 5, 76.65, 811),
(337, 401, 5, 95.27, 447),
(338, 323, 2, 53.46, 953),
(339, 464, 10, 25.47, 172),
(340, 610, 3, 29.34, 482),
(341, 812, 7, 46.71, 124),
(342, 264, 7, 50.28, 264),
(343, 230, 5, 7.28, 509),
(344, 953, 7, 29.97, 207),
(345, 220, 7, 12.78, 939),
(346, 263, 4, 60.03, 998),
(347, 304, 5, 24.14, 750),
(348, 54, 10, 53.30, 446),
(349, 68, 3, 40.70, 148),
(350, 697, 3, 19.17, 710),
(351, 314, 2, 40.01, 206),
(352, 623, 3, 90.04, 457),
(353, 158, 6, 56.00, 895),
(354, 500, 4, 43.86, 534),
(355, 275, 6, 28.82, 727),
(356, 391, 7, 23.33, 60),
(357, 916, 3, 16.08, 780),
(358, 73, 7, 5.94, 992),
(359, 159, 7, 63.19, 107),
(360, 714, 1, 79.20, 346),
(361, 560, 6, 11.26, 516),
(362, 63, 2, 50.26, 861),
(363, 647, 8, 44.28, 748),
(364, 909, 8, 61.13, 139),
(365, 175, 2, 14.81, 398),
(366, 285, 2, 5.04, 896),
(367, 839, 4, 76.08, 544),
(368, 907, 1, 88.87, 948),
(369, 856, 7, 29.22, 271),
(370, 337, 10, 41.58, 777),
(371, 638, 1, 84.12, 481),
(372, 673, 8, 36.62, 135),
(373, 813, 8, 88.74, 967),
(374, 400, 3, 81.93, 23),
(375, 880, 9, 56.81, 899),
(376, 388, 4, 22.65, 202),
(377, 863, 10, 69.96, 216),
(378, 278, 7, 76.37, 146),
(379, 269, 9, 32.28, 263),
(380, 785, 9, 21.43, 148),
(381, 834, 3, 17.77, 732),
(382, 928, 3, 79.19, 727),
(383, 873, 5, 72.64, 972),
(384, 994, 3, 93.59, 401),
(385, 858, 7, 32.62, 833),
(386, 961, 5, 60.12, 854),
(387, 10, 1, 6.61, 878),
(388, 501, 7, 71.27, 479),
(389, 162, 1, 11.36, 89),
(390, 505, 2, 76.18, 634),
(391, 2, 5, 93.49, 933),
(392, 672, 4, 99.62, 282),
(393, 563, 7, 16.08, 122),
(394, 764, 6, 62.78, 543),
(395, 629, 2, 34.46, 875),
(396, 476, 10, 80.07, 515),
(397, 68, 2, 11.58, 882),
(398, 581, 4, 56.14, 903),
(399, 143, 5, 47.20, 614),
(400, 74, 4, 9.72, 34),
(401, 362, 8, 50.26, 197),
(402, 554, 8, 23.99, 401),
(403, 107, 1, 26.58, 774),
(404, 799, 9, 6.66, 159),
(405, 405, 5, 11.72, 309),
(406, 502, 1, 28.71, 79),
(407, 610, 9, 26.65, 297),
(408, 768, 2, 87.01, 9),
(409, 182, 1, 24.53, 518),
(410, 805, 8, 39.03, 663),
(411, 196, 3, 62.86, 268),
(412, 864, 6, 6.50, 367),
(413, 970, 5, 91.53, 108),
(414, 222, 4, 43.80, 47),
(415, 813, 5, 12.43, 742),
(416, 133, 6, 80.25, 601),
(417, 561, 8, 37.87, 982),
(418, 959, 5, 71.36, 988),
(419, 335, 3, 13.36, 930),
(420, 842, 1, 54.05, 107),
(421, 263, 3, 18.25, 888),
(422, 950, 2, 99.33, 593),
(423, 778, 3, 58.43, 484),
(424, 353, 2, 5.57, 307),
(425, 553, 10, 62.12, 636),
(426, 820, 1, 77.36, 810),
(427, 418, 7, 85.66, 29),
(428, 35, 3, 82.77, 147),
(429, 474, 3, 19.40, 893),
(430, 960, 2, 46.07, 263),
(431, 597, 4, 5.61, 543),
(432, 262, 6, 15.12, 318),
(433, 237, 6, 14.38, 682),
(434, 971, 5, 51.55, 89),
(435, 885, 7, 81.35, 645),
(436, 648, 1, 94.47, 176),
(437, 29, 8, 34.20, 833),
(438, 399, 2, 70.06, 529),
(439, 72, 7, 57.33, 515),
(440, 64, 2, 51.59, 651),
(441, 212, 5, 90.43, 402),
(442, 852, 9, 41.30, 890),
(443, 807, 2, 56.11, 384),
(444, 826, 5, 15.09, 139),
(445, 320, 3, 39.46, 670),
(446, 439, 6, 87.77, 186),
(447, 450, 8, 61.49, 352),
(448, 223, 9, 13.41, 633),
(449, 126, 5, 77.05, 751),
(450, 828, 6, 78.61, 595),
(451, 413, 4, 49.36, 817),
(452, 966, 6, 13.18, 594),
(453, 324, 4, 60.74, 307),
(454, 828, 1, 28.33, 205),
(455, 651, 5, 72.26, 131),
(456, 687, 4, 80.42, 561),
(457, 111, 3, 89.23, 424),
(458, 229, 5, 35.23, 492),
(459, 616, 7, 55.57, 531),
(460, 21, 7, 17.00, 714),
(461, 102, 9, 79.86, 362),
(462, 461, 7, 40.18, 429),
(463, 818, 10, 37.66, 609),
(464, 382, 9, 55.91, 945),
(465, 720, 8, 19.68, 587),
(466, 201, 1, 47.55, 789),
(467, 674, 5, 87.15, 699),
(468, 965, 8, 95.95, 493),
(469, 824, 9, 81.87, 99),
(470, 719, 6, 73.73, 889),
(471, 95, 4, 17.93, 119),
(472, 944, 10, 19.56, 833),
(473, 149, 5, 51.29, 881),
(474, 712, 8, 18.59, 232),
(475, 136, 5, 68.00, 988),
(476, 638, 9, 93.70, 754),
(477, 241, 3, 35.78, 160),
(478, 134, 4, 18.41, 184),
(479, 661, 4, 93.88, 292),
(480, 715, 2, 34.89, 258),
(481, 708, 7, 58.34, 270),
(482, 323, 2, 93.98, 250),
(483, 831, 3, 78.13, 29),
(484, 417, 9, 73.13, 23),
(485, 665, 3, 38.09, 259),
(486, 303, 8, 78.44, 220),
(487, 906, 4, 90.45, 954),
(488, 299, 10, 87.75, 960),
(489, 419, 6, 34.78, 606),
(490, 517, 3, 26.60, 546),
(491, 330, 7, 31.59, 500),
(492, 243, 6, 97.59, 442),
(493, 697, 10, 23.87, 418),
(494, 548, 4, 75.40, 21),
(495, 99, 5, 10.23, 779),
(496, 283, 4, 97.52, 231),
(497, 213, 1, 91.68, 593),
(498, 857, 9, 87.36, 891),
(499, 493, 10, 28.84, 606),
(500, 484, 4, 59.46, 681),
(501, 905, 9, 6.36, 995),
(502, 534, 6, 53.35, 953),
(503, 418, 2, 61.55, 912),
(504, 402, 7, 86.50, 567),
(505, 370, 8, 75.58, 89),
(506, 444, 7, 84.11, 789),
(507, 48, 5, 74.54, 242),
(508, 592, 3, 83.33, 159),
(509, 396, 4, 79.61, 328),
(510, 556, 8, 84.86, 573),
(511, 444, 9, 59.51, 483),
(512, 445, 2, 29.04, 114),
(513, 651, 3, 76.47, 474),
(514, 86, 5, 42.42, 250),
(515, 174, 5, 62.98, 455),
(516, 859, 8, 14.61, 278),
(517, 764, 6, 50.49, 175),
(518, 405, 4, 73.29, 182),
(519, 428, 8, 29.42, 478),
(520, 543, 10, 95.16, 792),
(521, 447, 2, 55.31, 185),
(522, 570, 2, 80.55, 373),
(523, 728, 9, 65.15, 321),
(524, 91, 10, 94.47, 65),
(525, 12, 5, 17.90, 589),
(526, 696, 9, 15.47, 945),
(527, 462, 8, 89.07, 614),
(528, 849, 1, 64.74, 608),
(529, 893, 7, 41.70, 431),
(530, 143, 6, 19.94, 314),
(531, 307, 2, 19.95, 310),
(532, 883, 7, 50.16, 12),
(533, 467, 2, 95.91, 852),
(534, 238, 6, 79.33, 828),
(535, 765, 8, 47.98, 999),
(536, 798, 8, 27.17, 175),
(537, 205, 5, 95.82, 974),
(538, 815, 7, 67.71, 575),
(539, 129, 4, 47.71, 898),
(540, 301, 4, 96.93, 479),
(541, 876, 1, 81.05, 586),
(542, 762, 6, 8.27, 95),
(543, 377, 6, 48.58, 748),
(544, 355, 8, 35.27, 335),
(545, 258, 3, 10.22, 923),
(546, 579, 6, 55.55, 911),
(547, 32, 5, 5.53, 991),
(548, 227, 4, 9.38, 73),
(549, 709, 9, 89.78, 865),
(550, 576, 7, 36.69, 153),
(551, 925, 7, 73.53, 330),
(552, 342, 4, 79.81, 175),
(553, 10, 4, 30.71, 178),
(554, 280, 2, 70.65, 984),
(555, 163, 4, 36.45, 3),
(556, 196, 6, 62.24, 625),
(557, 189, 7, 73.40, 595),
(558, 309, 8, 86.48, 514),
(559, 382, 9, 96.07, 439),
(560, 330, 3, 43.29, 585),
(561, 553, 8, 81.24, 436),
(562, 933, 3, 22.59, 953),
(563, 99, 7, 93.60, 986),
(564, 673, 9, 40.13, 761),
(565, 898, 9, 46.98, 980),
(566, 937, 3, 21.36, 877),
(567, 584, 4, 51.35, 864),
(568, 420, 8, 19.12, 300),
(569, 308, 7, 88.21, 491),
(570, 951, 4, 46.34, 565),
(571, 291, 7, 52.93, 258),
(572, 779, 4, 9.68, 7),
(573, 287, 2, 88.73, 308),
(574, 640, 3, 38.00, 863),
(575, 102, 7, 5.45, 65),
(576, 473, 3, 73.68, 680),
(577, 801, 4, 55.26, 196),
(578, 846, 10, 19.28, 170),
(579, 568, 6, 80.20, 27),
(580, 149, 1, 47.67, 385),
(581, 585, 6, 98.07, 584),
(582, 143, 8, 79.83, 75),
(583, 223, 9, 13.43, 846),
(584, 891, 3, 64.88, 610),
(585, 532, 3, 50.93, 242),
(586, 966, 9, 82.04, 186),
(587, 785, 1, 51.19, 444),
(588, 258, 10, 74.02, 237),
(589, 254, 4, 46.71, 103),
(590, 648, 8, 48.80, 6),
(591, 264, 9, 35.13, 361),
(592, 874, 6, 95.56, 202),
(593, 21, 8, 10.19, 905),
(594, 688, 2, 74.85, 967),
(595, 917, 3, 62.23, 558),
(596, 666, 8, 56.79, 170),
(597, 41, 3, 97.64, 64),
(598, 569, 10, 24.14, 993),
(599, 135, 5, 77.71, 715),
(600, 930, 5, 37.24, 532),
(601, 702, 2, 78.43, 564),
(602, 173, 7, 98.23, 248),
(603, 85, 6, 33.58, 322),
(604, 618, 1, 45.81, 904),
(605, 222, 5, 8.62, 924),
(606, 548, 8, 9.19, 701),
(607, 582, 2, 8.56, 707),
(608, 365, 10, 82.20, 303),
(609, 540, 2, 61.09, 916),
(610, 720, 7, 61.43, 352),
(611, 644, 6, 33.91, 350),
(612, 492, 9, 59.69, 222),
(613, 853, 6, 40.64, 991),
(614, 834, 4, 97.59, 298),
(615, 978, 8, 91.97, 584),
(616, 702, 8, 35.51, 343),
(617, 438, 1, 8.55, 487),
(618, 878, 1, 30.98, 215),
(619, 170, 1, 97.47, 931),
(620, 518, 9, 83.04, 239),
(621, 808, 4, 19.30, 832),
(622, 35, 4, 15.25, 569),
(623, 292, 10, 11.90, 540),
(624, 728, 7, 50.59, 691),
(625, 552, 7, 86.64, 966),
(626, 169, 2, 27.95, 721),
(627, 47, 8, 72.87, 791),
(628, 330, 9, 77.60, 608),
(629, 696, 3, 5.53, 709),
(630, 417, 4, 74.18, 245),
(631, 101, 7, 75.82, 779),
(632, 229, 3, 75.63, 979),
(633, 482, 7, 22.18, 654),
(634, 158, 5, 33.62, 995),
(635, 116, 7, 49.22, 957),
(636, 266, 9, 6.84, 241),
(637, 246, 8, 8.64, 390),
(638, 722, 10, 40.98, 721),
(639, 281, 10, 80.61, 619),
(640, 382, 5, 89.54, 106),
(641, 441, 8, 82.42, 744),
(642, 779, 4, 13.25, 525),
(643, 753, 2, 17.42, 555),
(644, 58, 1, 78.01, 207),
(645, 5, 4, 17.30, 221),
(646, 494, 9, 87.69, 752),
(647, 818, 1, 90.47, 319),
(648, 619, 4, 73.44, 219),
(649, 179, 4, 42.32, 656),
(650, 461, 5, 35.86, 54),
(651, 368, 5, 26.93, 343),
(652, 800, 4, 56.33, 496),
(653, 372, 2, 32.93, 716),
(654, 196, 4, 29.21, 272),
(655, 515, 7, 10.38, 298),
(656, 875, 9, 81.72, 312),
(657, 782, 6, 51.32, 751),
(658, 928, 1, 87.55, 654),
(659, 798, 10, 39.46, 868),
(660, 807, 5, 87.44, 27),
(661, 331, 5, 21.73, 153),
(662, 377, 7, 71.85, 395),
(663, 944, 3, 68.10, 824),
(664, 338, 5, 24.50, 721),
(665, 977, 8, 56.22, 387),
(666, 311, 1, 36.66, 104),
(667, 116, 8, 78.38, 8),
(668, 324, 10, 99.07, 860),
(669, 850, 9, 94.34, 187),
(670, 732, 9, 71.36, 714),
(671, 885, 4, 72.25, 213),
(672, 323, 1, 63.71, 739),
(673, 805, 10, 72.54, 172),
(674, 779, 2, 41.43, 779),
(675, 701, 7, 98.83, 818),
(676, 557, 8, 96.67, 602),
(677, 565, 4, 64.43, 13),
(678, 37, 10, 46.16, 599),
(679, 487, 5, 60.83, 785),
(680, 715, 10, 90.19, 478),
(681, 443, 3, 26.21, 939),
(682, 774, 5, 93.13, 105),
(683, 158, 3, 15.79, 648),
(684, 169, 3, 18.06, 659),
(685, 721, 5, 77.06, 493),
(686, 207, 10, 75.89, 942),
(687, 992, 2, 17.15, 150),
(688, 975, 2, 92.44, 428),
(689, 937, 7, 38.46, 61),
(690, 369, 10, 51.77, 107),
(691, 960, 8, 50.79, 389),
(692, 228, 5, 39.37, 414),
(693, 314, 4, 8.56, 883),
(694, 274, 4, 95.54, 252),
(695, 566, 5, 84.64, 437),
(696, 996, 7, 36.19, 799),
(697, 322, 6, 88.01, 98),
(698, 681, 5, 9.02, 101),
(699, 85, 6, 14.97, 461),
(700, 978, 2, 96.54, 597),
(701, 265, 6, 98.51, 234),
(702, 782, 2, 43.90, 735),
(703, 337, 10, 69.97, 97),
(704, 278, 10, 92.67, 547),
(705, 68, 8, 42.38, 558),
(706, 842, 10, 89.78, 464),
(707, 629, 7, 55.88, 251),
(708, 293, 6, 14.83, 661),
(709, 853, 1, 7.32, 189),
(710, 849, 6, 65.89, 489),
(711, 636, 4, 48.59, 886),
(712, 413, 5, 61.67, 656),
(713, 786, 9, 28.06, 784),
(714, 646, 6, 33.79, 727),
(715, 184, 1, 46.67, 211),
(716, 273, 7, 8.53, 352),
(717, 797, 8, 38.18, 229),
(718, 598, 3, 61.20, 206),
(719, 954, 6, 28.77, 51),
(720, 72, 1, 85.23, 203),
(721, 643, 4, 28.91, 449),
(722, 446, 1, 20.49, 131),
(723, 194, 9, 52.28, 453),
(724, 17, 9, 55.39, 651),
(725, 781, 3, 77.32, 251),
(726, 274, 10, 26.86, 814),
(727, 95, 9, 70.16, 948),
(728, 425, 7, 18.03, 489),
(729, 444, 1, 49.53, 174),
(730, 850, 5, 50.09, 707),
(731, 971, 6, 33.48, 875),
(732, 528, 1, 49.97, 185),
(733, 466, 3, 40.47, 378),
(734, 964, 3, 95.82, 117),
(735, 946, 3, 54.66, 225),
(736, 746, 9, 52.79, 176),
(737, 485, 7, 13.91, 678),
(738, 927, 9, 71.56, 635),
(739, 125, 2, 36.86, 864),
(740, 518, 10, 46.70, 972),
(741, 826, 3, 18.00, 722),
(742, 695, 2, 94.54, 373),
(743, 200, 5, 11.83, 276),
(744, 283, 9, 96.50, 846),
(745, 734, 6, 52.44, 878),
(746, 468, 5, 12.49, 565),
(747, 20, 4, 58.37, 97),
(748, 428, 4, 83.96, 944),
(749, 364, 10, 30.03, 303),
(750, 754, 2, 34.65, 517),
(751, 236, 3, 32.69, 162),
(752, 812, 2, 95.96, 864),
(753, 886, 1, 38.19, 215),
(754, 846, 1, 59.72, 90),
(755, 459, 4, 36.93, 185),
(756, 731, 3, 19.00, 796),
(757, 800, 8, 52.19, 972),
(758, 480, 4, 64.85, 372),
(759, 839, 6, 71.18, 200),
(760, 981, 10, 89.33, 745),
(761, 991, 5, 13.80, 296),
(762, 191, 7, 89.01, 910),
(763, 558, 10, 17.96, 53),
(764, 452, 3, 69.72, 64),
(765, 332, 10, 56.20, 781),
(766, 152, 8, 18.54, 843),
(767, 629, 3, 18.23, 761),
(768, 829, 9, 63.64, 982),
(769, 603, 4, 17.58, 19),
(770, 87, 5, 77.00, 222),
(771, 950, 10, 49.39, 765),
(772, 128, 3, 13.79, 125),
(773, 683, 9, 59.31, 884),
(774, 921, 9, 85.37, 402),
(775, 550, 9, 70.88, 560),
(776, 332, 10, 38.11, 41),
(777, 669, 3, 16.38, 118),
(778, 893, 4, 58.92, 43),
(779, 327, 4, 20.57, 154),
(780, 848, 8, 53.68, 42),
(781, 840, 1, 65.20, 209),
(782, 968, 10, 23.39, 169),
(783, 231, 4, 59.05, 772),
(784, 546, 7, 16.34, 420),
(785, 438, 3, 47.17, 612),
(786, 230, 2, 34.70, 954),
(787, 275, 2, 15.23, 990),
(788, 258, 2, 31.45, 934),
(789, 707, 8, 36.23, 29),
(790, 118, 7, 98.49, 13),
(791, 81, 9, 24.56, 886),
(792, 987, 9, 59.11, 609),
(793, 515, 1, 70.72, 720),
(794, 28, 5, 77.61, 42),
(795, 375, 7, 38.48, 51),
(796, 907, 10, 64.37, 708),
(797, 318, 6, 77.17, 415),
(798, 655, 6, 72.33, 940),
(799, 422, 5, 19.95, 401),
(800, 192, 4, 41.10, 435),
(801, 326, 9, 26.21, 103),
(802, 258, 1, 41.94, 268),
(803, 960, 6, 85.69, 796),
(804, 120, 3, 26.19, 191),
(805, 533, 5, 31.97, 867),
(806, 548, 9, 34.21, 386),
(807, 453, 6, 81.57, 461),
(808, 775, 5, 29.55, 980),
(809, 952, 9, 22.48, 48),
(810, 950, 9, 92.28, 490),
(811, 274, 3, 92.72, 912),
(812, 270, 2, 25.72, 536),
(813, 271, 8, 86.11, 12),
(814, 281, 2, 95.07, 552),
(815, 456, 10, 21.89, 75),
(816, 579, 7, 70.45, 689),
(817, 612, 3, 51.51, 836),
(818, 227, 5, 20.33, 275),
(819, 468, 7, 74.11, 179),
(820, 726, 3, 38.39, 102),
(821, 724, 3, 33.32, 107),
(822, 470, 7, 87.90, 637),
(823, 219, 3, 49.05, 352),
(824, 531, 10, 15.56, 10),
(825, 702, 5, 72.84, 617),
(826, 879, 4, 61.64, 486),
(827, 830, 3, 90.12, 785),
(828, 889, 6, 86.91, 365),
(829, 405, 5, 51.43, 412),
(830, 641, 9, 82.04, 669),
(831, 606, 7, 81.00, 991),
(832, 145, 1, 49.25, 359),
(833, 958, 3, 64.19, 737),
(834, 454, 10, 48.42, 674),
(835, 1, 8, 29.03, 698),
(836, 728, 5, 78.97, 457),
(837, 942, 3, 5.31, 707),
(838, 42, 6, 56.59, 967),
(839, 89, 4, 66.77, 719),
(840, 13, 1, 88.71, 648),
(841, 614, 10, 33.80, 796),
(842, 210, 7, 23.75, 44),
(843, 934, 7, 83.89, 262),
(844, 803, 3, 24.43, 938),
(845, 616, 3, 28.33, 393),
(846, 516, 1, 16.32, 389),
(847, 48, 6, 63.07, 832),
(848, 756, 8, 99.53, 166),
(849, 450, 6, 82.76, 340),
(850, 935, 4, 54.41, 469),
(851, 799, 10, 29.46, 164),
(852, 337, 9, 85.51, 522),
(853, 730, 10, 28.00, 632),
(854, 785, 1, 60.54, 725),
(855, 731, 5, 15.63, 956),
(856, 635, 10, 38.46, 77),
(857, 476, 6, 56.06, 170),
(858, 251, 6, 11.81, 338),
(859, 534, 5, 44.32, 551),
(860, 82, 9, 97.23, 952),
(861, 247, 3, 63.13, 577),
(862, 550, 7, 44.06, 817),
(863, 963, 4, 85.84, 303),
(864, 908, 7, 99.19, 988),
(865, 467, 3, 73.96, 437),
(866, 583, 4, 68.06, 583),
(867, 393, 7, 36.60, 997),
(868, 760, 1, 39.65, 928),
(869, 273, 1, 26.77, 968),
(870, 601, 6, 44.73, 908),
(871, 455, 3, 24.10, 491),
(872, 927, 2, 59.32, 201),
(873, 602, 7, 26.37, 472),
(874, 4, 9, 71.26, 524),
(875, 200, 1, 91.43, 687),
(876, 179, 9, 12.29, 55),
(877, 2, 3, 66.34, 653),
(878, 574, 10, 96.37, 802),
(879, 840, 8, 16.77, 78),
(880, 286, 9, 52.08, 733),
(881, 68, 7, 53.60, 502),
(882, 187, 5, 15.82, 496),
(883, 762, 7, 13.73, 588),
(884, 106, 2, 92.49, 885),
(885, 12, 3, 68.90, 796),
(886, 814, 6, 38.75, 757),
(887, 784, 2, 50.72, 573),
(888, 329, 8, 48.49, 184),
(889, 717, 3, 39.11, 948),
(890, 633, 9, 93.30, 899),
(891, 845, 8, 45.44, 852),
(892, 103, 5, 30.68, 467),
(893, 547, 9, 28.42, 966),
(894, 521, 10, 73.07, 203),
(895, 36, 5, 76.28, 267),
(896, 597, 4, 16.34, 692),
(897, 982, 1, 70.44, 967),
(898, 793, 6, 79.56, 879),
(899, 783, 7, 26.60, 577),
(900, 643, 10, 83.77, 443),
(901, 116, 2, 8.24, 559),
(902, 972, 4, 83.29, 264),
(903, 903, 6, 65.23, 520),
(904, 395, 1, 14.69, 743),
(905, 461, 7, 45.87, 959),
(906, 560, 6, 12.15, 131),
(907, 826, 7, 91.05, 349),
(908, 832, 6, 83.81, 548),
(909, 669, 2, 73.60, 145),
(910, 734, 9, 80.87, 899),
(911, 617, 2, 11.20, 995),
(912, 913, 10, 11.58, 912),
(913, 978, 9, 19.30, 524),
(914, 773, 7, 67.29, 199),
(915, 696, 7, 67.59, 529),
(916, 478, 1, 59.23, 438),
(917, 993, 1, 81.28, 363),
(918, 741, 9, 56.74, 125),
(919, 996, 7, 8.97, 540),
(920, 983, 4, 71.06, 802),
(921, 914, 9, 83.01, 999),
(922, 615, 9, 93.79, 156),
(923, 320, 10, 47.31, 116),
(924, 695, 7, 60.79, 100),
(925, 747, 1, 91.11, 953),
(926, 944, 10, 22.68, 559),
(927, 781, 1, 71.17, 365),
(928, 728, 4, 24.29, 390),
(929, 907, 2, 73.29, 417),
(930, 481, 6, 71.24, 348),
(931, 53, 4, 72.31, 787),
(932, 839, 5, 46.78, 977),
(933, 816, 1, 67.02, 658),
(934, 255, 2, 91.42, 272),
(935, 751, 3, 73.34, 361),
(936, 602, 2, 46.05, 353),
(937, 138, 7, 14.71, 835),
(938, 458, 5, 5.72, 332),
(939, 212, 2, 27.38, 950),
(940, 265, 4, 84.61, 656),
(941, 529, 6, 19.41, 137),
(942, 465, 7, 50.23, 257),
(943, 240, 7, 42.74, 166),
(944, 803, 2, 6.00, 827),
(945, 35, 6, 30.75, 96),
(946, 377, 7, 94.11, 508),
(947, 614, 9, 93.35, 862),
(948, 787, 6, 95.22, 378),
(949, 729, 2, 70.76, 852),
(950, 450, 1, 6.14, 484),
(951, 705, 5, 17.92, 940),
(952, 732, 1, 83.41, 198),
(953, 706, 1, 23.24, 86),
(954, 720, 10, 85.88, 599),
(955, 611, 6, 51.18, 272),
(956, 29, 6, 79.33, 501),
(957, 15, 7, 34.40, 778),
(958, 244, 2, 73.24, 299),
(959, 220, 8, 79.83, 46),
(960, 778, 4, 68.95, 491),
(961, 743, 9, 62.27, 955),
(962, 483, 10, 44.20, 287),
(963, 14, 1, 83.52, 316),
(964, 128, 8, 49.89, 307),
(965, 932, 5, 43.03, 376),
(966, 284, 6, 10.65, 270),
(967, 822, 5, 72.19, 104),
(968, 132, 8, 75.21, 818),
(969, 265, 7, 21.50, 88),
(970, 211, 7, 53.78, 257),
(971, 574, 9, 16.81, 536),
(972, 58, 8, 63.26, 104),
(973, 797, 8, 20.41, 946),
(974, 129, 10, 93.55, 283),
(975, 351, 8, 44.44, 133),
(976, 598, 6, 20.51, 202),
(977, 852, 7, 54.26, 375),
(978, 761, 4, 68.12, 413),
(979, 74, 9, 43.65, 446),
(980, 849, 7, 61.03, 293),
(981, 411, 7, 74.10, 675),
(982, 464, 7, 78.98, 126),
(983, 880, 6, 58.16, 6),
(984, 549, 2, 82.31, 816),
(985, 742, 1, 81.97, 347),
(986, 324, 5, 66.12, 21),
(987, 319, 2, 27.34, 728),
(988, 301, 7, 12.73, 886),
(989, 218, 8, 31.74, 882),
(990, 294, 3, 91.60, 164),
(991, 610, 2, 48.64, 138),
(992, 50, 1, 20.86, 292),
(993, 256, 2, 29.16, 349),
(994, 905, 8, 80.39, 959),
(995, 978, 2, 43.07, 529),
(996, 779, 9, 63.34, 46),
(997, 89, 9, 54.95, 618),
(998, 669, 4, 99.42, 652),
(999, 452, 2, 10.71, 300),
(1000, 746, 7, 7.07, 485);

-- --------------------------------------------------------

--
-- Estructura de tabla para la tabla `productos`
--

CREATE TABLE `productos` (
  `id` int(11) NOT NULL,
  `codigo` varchar(20) NOT NULL,
  `nombre` text NOT NULL,
  `proveedor` int(11) NOT NULL,
  `stock` int(11) NOT NULL,
  `precio` decimal(10,2) NOT NULL
) ENGINE=InnoDB DEFAULT CHARSET=utf8 COLLATE=utf8_spanish_ci;

--
-- Volcado de datos para la tabla `productos`
--

INSERT INTO `productos` (`id`, `codigo`, `nombre`, `proveedor`, `stock`, `precio`) VALUES
(1, '13911098', 'My Hero Academia Volumen 3', 5, 5, 80.40),
(2, '36297471', 'Violet Evergarden Novela', 6, 393, 23.70),
(3, '72415216', 'Demon Slayer: Kimetsu no Yaiba', 10, 228, 49.15),
(4, '47891137', 'Naruto Volumen 1', 9, 407, 93.36),
(5, '40134035', 'Tokyo Revengers Edición Especial', 10, 420, 25.21),
(6, '50404634', 'My Hero Academia Volumen 3', 10, 266, 65.23),
(7, '74628798', 'Re:Zero - Starting Life', 5, 249, 62.28),
(8, '15365946', 'Neon Genesis Evangelion Artbook', 4, 23, 90.28),
(9, '76594255', 'Dragon Ball Z: Saga Saiyan', 7, 399, 80.82),
(10, '2275924', 'Attack on Titan Artbook', 9, 402, 83.39),
(11, '84493431', 'Ataque a los Titanes', 9, 17, 98.24),
(12, '72749630', 'Chainsaw Man Volumen 1', 10, 251, 54.57),
(13, '31889319', 'Ataque a los Titanes', 4, 450, 21.12),
(14, '96862950', 'One Piece: East Blue', 9, 371, 89.84),
(15, '72857286', 'Violet Evergarden Novela', 2, 256, 25.74),
(16, '6320395', 'Jujutsu Kaisen Volumen 5', 8, 274, 28.25),
(17, '1290630', 'Violet Evergarden Novela', 2, 19, 77.66),
(18, '3026269', 'Sword Art Online Novela 2', 3, 208, 56.45),
(19, '84216746', 'Bleach Volumen 7', 3, 352, 81.28),
(20, '49485576', 'Neon Genesis Evangelion Artbook', 3, 426, 53.45),
(21, '72358948', 'Attack on Titan Artbook', 3, 493, 86.81),
(22, '57518399', 'Re:Zero - Starting Life', 6, 98, 72.21),
(23, '9308525', 'Re:Zero - Starting Life', 4, 164, 81.29),
(24, '56901402', 'Sword Art Online Novela 2', 1, 35, 37.39),
(25, '78519619', 'Jujutsu Kaisen Volumen 5', 9, 38, 53.14),
(26, '62647754', 'Chainsaw Man Volumen 1', 10, 203, 50.32),
(27, '30691008', 'Fullmetal Alchemist Box Set', 9, 478, 71.92),
(28, '17990704', 'Demon Slayer: Kimetsu no Yaiba', 1, 114, 25.39),
(29, '4452675', 'My Hero Academia Volumen 3', 10, 15, 16.55),
(30, '33742308', 'Bleach Volumen 7', 10, 475, 30.56),
(31, '61959283', 'Jujutsu Kaisen Volumen 5', 2, 193, 54.72),
(32, '37146142', 'Chainsaw Man Volumen 1', 2, 34, 50.78),
(33, '39746873', 'Naruto Volumen 1', 1, 470, 24.24),
(34, '4338466', 'Spirited Away Soundtrack CD', 6, 405, 60.00),
(35, '72355747', 'Naruto Volumen 1', 3, 457, 69.59),
(36, '77443859', 'Demon Slayer: Kimetsu no Yaiba', 5, 150, 25.60),
(37, '71588416', 'Black Clover Volumen 12', 7, 69, 6.18),
(38, '29336308', 'Tokyo Revengers Edición Especial', 3, 484, 88.80),
(39, '44706574', 'Re:Zero - Starting Life', 6, 150, 23.54),
(40, '2963617', 'Attack on Titan Artbook', 9, 225, 97.73),
(41, '74378417', 'Neon Genesis Evangelion Artbook', 1, 77, 15.27),
(42, '3818983', 'My Hero Academia Volumen 3', 6, 458, 38.97),
(43, '56692341', 'Violet Evergarden Novela', 3, 171, 62.30),
(44, '83048680', 'One Piece: East Blue', 7, 168, 76.78),
(45, '61104575', 'Spirited Away Soundtrack CD', 2, 296, 39.42),
(46, '74839776', 'Ataque a los Titanes', 10, 238, 38.20),
(47, '43304103', 'Ataque a los Titanes', 10, 481, 5.96),
(48, '78475673', 'Naruto Volumen 1', 10, 398, 52.00),
(49, '43626951', 'Neon Genesis Evangelion Artbook', 10, 211, 47.64),
(50, '20461620', 'Spirited Away Soundtrack CD', 1, 499, 88.30),
(51, '39704889', 'My Hero Academia Volumen 3', 2, 347, 30.69),
(52, '7008667', 'Dragon Ball Z: Saga Saiyan', 3, 150, 28.03),
(53, '4917937', 'My Hero Academia Volumen 3', 8, 481, 34.25),
(54, '78487', 'Bleach Volumen 7', 2, 315, 46.97),
(55, '66131983', 'Jujutsu Kaisen Volumen 5', 9, 284, 47.01),
(56, '61850346', 'Death Note Black Edition', 1, 333, 23.91),
(57, '91834528', 'Re:Zero - Starting Life', 3, 415, 16.28),
(58, '55211894', 'Chainsaw Man Volumen 1', 1, 136, 99.11),
(59, '14819089', 'Dragon Ball Z: Saga Saiyan', 10, 93, 31.19),
(60, '24288181', 'Demon Slayer: Kimetsu no Yaiba', 8, 410, 98.52),
(61, '20535833', 'Attack on Titan Artbook', 4, 194, 51.99),
(62, '30561872', 'Sword Art Online Novela 2', 7, 190, 52.67),
(63, '36329367', 'Demon Slayer: Kimetsu no Yaiba', 2, 188, 62.89),
(64, '43800983', 'Jujutsu Kaisen Volumen 5', 6, 467, 66.99),
(65, '54923803', 'Demon Slayer: Kimetsu no Yaiba', 5, 308, 27.40),
(66, '65303526', 'Chainsaw Man Volumen 1', 1, 364, 58.94),
(67, '71277872', 'Bleach Volumen 7', 5, 464, 46.44),
(68, '94275937', 'Naruto Volumen 1', 1, 45, 8.71),
(69, '86139384', 'Jujutsu Kaisen Volumen 5', 8, 402, 34.58),
(70, '44410837', 'Spirited Away Soundtrack CD', 1, 224, 6.87),
(71, '72445135', 'Tokyo Revengers Edición Especial', 6, 443, 7.87),
(72, '24427707', 'Black Clover Volumen 12', 2, 302, 54.28),
(73, '55736609', 'Jujutsu Kaisen Volumen 5', 8, 329, 75.43),
(74, '13997458', 'Jujutsu Kaisen Volumen 5', 8, 218, 66.37),
(75, '79714464', 'Re:Zero - Starting Life', 3, 203, 18.78),
(76, '21195372', 'Fullmetal Alchemist Box Set', 3, 278, 32.27),
(77, '30862951', 'Jujutsu Kaisen Volumen 5', 4, 496, 33.42),
(78, '92923436', 'Ataque a los Titanes', 10, 112, 56.21),
(79, '2450468', 'Fullmetal Alchemist Box Set', 1, 348, 87.76),
(80, '35670244', 'My Hero Academia Volumen 3', 7, 414, 93.32),
(81, '99879447', 'Dragon Ball Z: Saga Saiyan', 6, 474, 42.88),
(82, '92454320', 'Violet Evergarden Novela', 10, 366, 6.34),
(83, '41703887', 'Violet Evergarden Novela', 10, 59, 24.25),
(84, '8422398', 'Chainsaw Man Volumen 1', 6, 350, 20.78),
(85, '48766220', 'Black Clover Volumen 12', 10, 159, 27.45),
(86, '19813927', 'Death Note Black Edition', 6, 177, 58.64),
(87, '70066843', 'Dragon Ball Z: Saga Saiyan', 7, 75, 50.02),
(88, '63683439', 'Fullmetal Alchemist Box Set', 9, 200, 78.65),
(89, '87500698', 'My Hero Academia Volumen 3', 7, 47, 13.77),
(90, '51643182', 'Sword Art Online Novela 2', 2, 156, 57.76),
(91, '7577915', 'Fullmetal Alchemist Box Set', 3, 459, 37.17),
(92, '88243746', 'Bleach Volumen 7', 1, 226, 52.51),
(93, '91876473', 'Chainsaw Man Volumen 1', 2, 278, 41.88),
(94, '56630745', 'Jujutsu Kaisen Volumen 5', 5, 80, 24.28),
(95, '55617400', 'Demon Slayer: Kimetsu no Yaiba', 10, 452, 24.05),
(96, '60901931', 'Fullmetal Alchemist Box Set', 3, 249, 82.64),
(97, '14446743', 'Fullmetal Alchemist Box Set', 5, 285, 58.30),
(98, '96466510', 'Death Note Black Edition', 7, 418, 66.50),
(99, '21396942', 'Demon Slayer: Kimetsu no Yaiba', 6, 237, 80.60),
(100, '48553986', 'Bleach Volumen 7', 9, 221, 48.98),
(101, '19409818', 'Naruto Volumen 1', 3, 325, 35.98),
(102, '88346250', 'Ataque a los Titanes', 3, 256, 49.32),
(103, '80846739', 'Jujutsu Kaisen Volumen 5', 2, 438, 47.12),
(104, '35406696', 'Violet Evergarden Novela', 6, 33, 23.88),
(105, '7143593', 'Neon Genesis Evangelion Artbook', 9, 470, 7.06),
(106, '13350328', 'Black Clover Volumen 12', 4, 230, 16.17),
(107, '3080282', 'Ataque a los Titanes', 5, 382, 76.58),
(108, '84326172', 'Ataque a los Titanes', 3, 417, 95.20),
(109, '19707732', 'Ataque a los Titanes', 8, 182, 85.56),
(110, '99107802', 'Attack on Titan Artbook', 2, 445, 76.94),
(111, '60751307', 'Tokyo Revengers Edición Especial', 3, 175, 82.01),
(112, '54351286', 'Sword Art Online Novela 2', 3, 488, 98.66),
(113, '60656135', 'Re:Zero - Starting Life', 4, 243, 35.20),
(114, '14385098', 'Chainsaw Man Volumen 1', 9, 317, 80.32),
(115, '78941710', 'Dragon Ball Z: Saga Saiyan', 8, 326, 58.29),
(116, '21100643', 'Dragon Ball Z: Saga Saiyan', 1, 382, 66.98),
(117, '36782486', 'Bleach Volumen 7', 8, 18, 98.65),
(118, '85219615', 'Bleach Volumen 7', 1, 192, 49.98),
(119, '81364765', 'Re:Zero - Starting Life', 8, 116, 49.52),
(120, '69407358', 'Tokyo Revengers Edición Especial', 1, 135, 93.68),
(121, '6887186', 'Violet Evergarden Novela', 2, 262, 54.76),
(122, '4026529', 'Sword Art Online Novela 2', 1, 234, 63.49),
(123, '20567922', 'My Hero Academia Volumen 3', 7, 186, 9.45),
(124, '72240905', 'Jujutsu Kaisen Volumen 5', 6, 149, 32.47),
(125, '78474376', 'Attack on Titan Artbook', 8, 240, 10.43),
(126, '93486565', 'Violet Evergarden Novela', 1, 452, 96.02),
(127, '48763795', 'My Hero Academia Volumen 3', 8, 158, 87.75),
(128, '2228601', 'Tokyo Revengers Edición Especial', 9, 17, 83.77),
(129, '76069416', 'Tokyo Revengers Edición Especial', 1, 69, 50.03),
(130, '94004117', 'Ataque a los Titanes', 9, 161, 48.80),
(131, '40802691', 'Chainsaw Man Volumen 1', 9, 152, 90.29),
(132, '78397408', 'Spirited Away Soundtrack CD', 2, 303, 24.17),
(133, '46227217', 'Naruto Volumen 1', 8, 299, 67.58),
(134, '29794198', 'Violet Evergarden Novela', 7, 58, 95.92),
(135, '24648141', 'Bleach Volumen 7', 7, 352, 36.35),
(136, '90662979', 'Ataque a los Titanes', 8, 80, 90.40),
(137, '82196706', 'Jujutsu Kaisen Volumen 5', 6, 283, 74.86),
(138, '65818111', 'Re:Zero - Starting Life', 8, 100, 61.96),
(139, '56399926', 'Sword Art Online Novela 2', 3, 271, 10.99),
(140, '8359084', 'Chainsaw Man Volumen 1', 6, 72, 70.08),
(141, '96613265', 'My Hero Academia Volumen 3', 9, 247, 13.86),
(142, '98932461', 'Sword Art Online Novela 2', 1, 22, 8.24),
(143, '50673374', 'Spirited Away Soundtrack CD', 5, 357, 56.17),
(144, '31548836', 'Demon Slayer: Kimetsu no Yaiba', 2, 236, 70.47),
(145, '51971722', 'Dragon Ball Z: Saga Saiyan', 1, 235, 42.33),
(146, '97319199', 'Fullmetal Alchemist Box Set', 1, 114, 82.05),
(147, '96625115', 'Tokyo Revengers Edición Especial', 1, 321, 43.37),
(148, '70658824', 'Re:Zero - Starting Life', 5, 430, 58.06),
(149, '15311463', 'Sword Art Online Novela 2', 5, 443, 79.69),
(150, '26021059', 'Dragon Ball Z: Saga Saiyan', 2, 451, 30.05),
(151, '62007975', 'Bleach Volumen 7', 3, 272, 18.24),
(152, '80936046', 'Bleach Volumen 7', 4, 483, 68.15),
(153, '95633325', 'Jujutsu Kaisen Volumen 5', 8, 80, 60.62),
(154, '90500801', 'Demon Slayer: Kimetsu no Yaiba', 2, 434, 36.19),
(155, '15150125', 'Re:Zero - Starting Life', 1, 69, 19.09),
(156, '36310097', 'One Piece: East Blue', 2, 224, 90.43),
(157, '13061213', 'Spirited Away Soundtrack CD', 1, 82, 82.18),
(158, '25867134', 'Chainsaw Man Volumen 1', 4, 47, 43.40),
(159, '51362530', 'Black Clover Volumen 12', 2, 81, 64.34),
(160, '30161340', 'Death Note Black Edition', 9, 19, 40.21),
(161, '5601290', 'Naruto Volumen 1', 5, 350, 24.97),
(162, '26945315', 'Ataque a los Titanes', 2, 281, 16.83),
(163, '10590012', 'Sword Art Online Novela 2', 10, 240, 14.98),
(164, '95915265', 'Ataque a los Titanes', 1, 124, 8.77),
(165, '42073272', 'Death Note Black Edition', 9, 194, 92.28),
(166, '10312014', 'Dragon Ball Z: Saga Saiyan', 10, 310, 21.52),
(167, '65183624', 'Studio Ghibli Artbook', 3, 136, 9.05),
(168, '36895573', 'Bleach Volumen 7', 3, 11, 71.36),
(169, '74226694', 'Dragon Ball Z: Saga Saiyan', 1, 132, 52.96),
(170, '83726336', 'Spirited Away Soundtrack CD', 3, 483, 61.90),
(171, '59185005', 'Neon Genesis Evangelion Artbook', 5, 281, 47.13),
(172, '92371344', 'Neon Genesis Evangelion Artbook', 8, 470, 90.06),
(173, '77754505', 'Studio Ghibli Artbook', 3, 167, 25.99),
(174, '71922837', 'Re:Zero - Starting Life', 5, 433, 65.37),
(175, '43349600', 'Studio Ghibli Artbook', 2, 405, 93.50),
(176, '77653757', 'Tokyo Revengers Edición Especial', 7, 389, 59.89),
(177, '83143017', 'Studio Ghibli Artbook', 10, 17, 14.51),
(178, '36194037', 'My Hero Academia Volumen 3', 1, 11, 68.26),
(179, '81780570', 'One Piece: East Blue', 8, 75, 17.33),
(180, '18611160', 'Naruto Volumen 1', 8, 383, 60.07),
(181, '26801650', 'Sword Art Online Novela 2', 2, 404, 19.36),
(182, '37190794', 'Naruto Volumen 1', 9, 2, 89.36),
(183, '67074474', 'Black Clover Volumen 12', 8, 458, 7.69),
(184, '47051588', 'Bleach Volumen 7', 7, 309, 42.67),
(185, '44721318', 'One Piece: East Blue', 6, 498, 98.75),
(186, '92802581', 'Fullmetal Alchemist Box Set', 10, 158, 39.78),
(187, '22856314', 'Re:Zero - Starting Life', 1, 361, 96.23),
(188, '97522168', 'Fullmetal Alchemist Box Set', 5, 67, 58.82),
(189, '1675182', 'Ataque a los Titanes', 2, 314, 82.94),
(190, '81207116', 'Neon Genesis Evangelion Artbook', 4, 478, 10.18),
(191, '31169364', 'Bleach Volumen 7', 2, 189, 44.56),
(192, '30450023', 'Black Clover Volumen 12', 10, 494, 89.76),
(193, '33574413', 'Jujutsu Kaisen Volumen 5', 2, 141, 66.07),
(194, '86205385', 'Jujutsu Kaisen Volumen 5', 2, 53, 48.08),
(195, '59899186', 'Studio Ghibli Artbook', 7, 175, 5.62),
(196, '76902865', 'Jujutsu Kaisen Volumen 5', 6, 153, 52.21),
(197, '86417642', 'One Piece: East Blue', 2, 94, 54.79),
(198, '55490498', 'Neon Genesis Evangelion Artbook', 1, 451, 90.86),
(199, '88593068', 'Tokyo Revengers Edición Especial', 6, 171, 33.56),
(200, '43985234', 'Demon Slayer: Kimetsu no Yaiba', 9, 288, 91.56),
(201, '5042673', 'Spirited Away Soundtrack CD', 2, 204, 21.18),
(202, '63391262', 'Dragon Ball Z: Saga Saiyan', 2, 40, 58.23),
(203, '13952640', 'Re:Zero - Starting Life', 3, 49, 14.79),
(204, '60268279', 'Fullmetal Alchemist Box Set', 9, 268, 28.07),
(205, '20974216', 'Fullmetal Alchemist Box Set', 2, 375, 26.31),
(206, '14203983', 'Dragon Ball Z: Saga Saiyan', 1, 431, 84.15),
(207, '7245209', 'Tokyo Revengers Edición Especial', 9, 72, 7.18),
(208, '65962060', 'Sword Art Online Novela 2', 2, 430, 42.61),
(209, '14572479', 'One Piece: East Blue', 9, 55, 80.57),
(210, '71244779', 'Tokyo Revengers Edición Especial', 1, 195, 98.55),
(211, '26002212', 'Spirited Away Soundtrack CD', 1, 390, 39.12),
(212, '53588154', 'Violet Evergarden Novela', 5, 259, 43.75),
(213, '57306584', 'Sword Art Online Novela 2', 2, 267, 78.28),
(214, '35886313', 'Studio Ghibli Artbook', 10, 156, 81.98),
(215, '84557601', 'Fullmetal Alchemist Box Set', 10, 118, 23.39),
(216, '17391133', 'Chainsaw Man Volumen 1', 3, 88, 40.97),
(217, '16201128', 'Dragon Ball Z: Saga Saiyan', 8, 391, 62.80),
(218, '1882069', 'Attack on Titan Artbook', 8, 392, 60.56),
(219, '69558203', 'Demon Slayer: Kimetsu no Yaiba', 10, 455, 69.78),
(220, '3568607', 'Re:Zero - Starting Life', 9, 55, 31.03),
(221, '52208558', 'Jujutsu Kaisen Volumen 5', 3, 346, 67.48),
(222, '99775659', 'My Hero Academia Volumen 3', 8, 402, 29.44),
(223, '41202604', 'Naruto Volumen 1', 9, 159, 72.87),
(224, '731475', 'Fullmetal Alchemist Box Set', 6, 3, 8.24),
(225, '70010406', 'Demon Slayer: Kimetsu no Yaiba', 10, 242, 84.50),
(226, '13783014', 'Neon Genesis Evangelion Artbook', 3, 131, 38.19),
(227, '93553853', 'Tokyo Revengers Edición Especial', 6, 120, 60.59),
(228, '74079862', 'Naruto Volumen 1', 2, 288, 65.08),
(229, '7950439', 'Sword Art Online Novela 2', 3, 399, 7.18),
(230, '53515851', 'Dragon Ball Z: Saga Saiyan', 1, 66, 46.06),
(231, '71176185', 'Dragon Ball Z: Saga Saiyan', 6, 407, 64.02),
(232, '81939804', 'Demon Slayer: Kimetsu no Yaiba', 4, 152, 66.02),
(233, '18184371', 'Demon Slayer: Kimetsu no Yaiba', 10, 141, 94.84),
(234, '87780448', 'Demon Slayer: Kimetsu no Yaiba', 4, 98, 49.70),
(235, '34314058', 'Fullmetal Alchemist Box Set', 2, 385, 50.22),
(236, '87343822', 'My Hero Academia Volumen 3', 1, 10, 85.49),
(237, '76451861', 'Naruto Volumen 1', 2, 249, 44.64),
(238, '79311657', 'Tokyo Revengers Edición Especial', 4, 26, 40.15),
(239, '23992306', 'Spirited Away Soundtrack CD', 8, 258, 68.48),
(240, '2901460', 'Violet Evergarden Novela', 8, 497, 84.55),
(241, '26948291', 'Attack on Titan Artbook', 8, 166, 62.84),
(242, '13726190', 'Sword Art Online Novela 2', 5, 204, 22.95),
(243, '28988357', 'Demon Slayer: Kimetsu no Yaiba', 3, 189, 83.99),
(244, '55290193', 'Spirited Away Soundtrack CD', 4, 261, 69.26),
(245, '67973525', 'Violet Evergarden Novela', 5, 222, 94.91),
(246, '79180036', 'Re:Zero - Starting Life', 10, 75, 96.83),
(247, '78215689', 'Studio Ghibli Artbook', 5, 220, 16.50),
(248, '58674754', 'Attack on Titan Artbook', 4, 2, 74.18),
(249, '81263875', 'Neon Genesis Evangelion Artbook', 6, 476, 45.76),
(250, '8680990', 'Black Clover Volumen 12', 4, 266, 55.60),
(251, '48465542', 'Violet Evergarden Novela', 7, 29, 19.35),
(252, '99048577', 'Naruto Volumen 1', 10, 20, 8.26),
(253, '12659049', 'Neon Genesis Evangelion Artbook', 2, 71, 13.59),
(254, '96138950', 'Dragon Ball Z: Saga Saiyan', 5, 339, 19.13),
(255, '49688601', 'Studio Ghibli Artbook', 9, 96, 40.21),
(256, '10909135', 'Re:Zero - Starting Life', 8, 424, 20.83),
(257, '52736974', 'Chainsaw Man Volumen 1', 9, 339, 28.44),
(258, '74139109', 'Naruto Volumen 1', 2, 14, 82.28),
(259, '22675158', 'Dragon Ball Z: Saga Saiyan', 6, 86, 29.20),
(260, '15651627', 'Black Clover Volumen 12', 1, 430, 86.64),
(261, '10974420', 'My Hero Academia Volumen 3', 9, 140, 16.32),
(262, '14585627', 'Naruto Volumen 1', 6, 241, 98.13),
(263, '45151566', 'Fullmetal Alchemist Box Set', 1, 342, 43.39),
(264, '35262244', 'Black Clover Volumen 12', 6, 170, 54.58),
(265, '15602014', 'Studio Ghibli Artbook', 5, 212, 37.93),
(266, '71126731', 'Fullmetal Alchemist Box Set', 1, 462, 96.48),
(267, '55090380', 'Violet Evergarden Novela', 6, 259, 41.92),
(268, '80654696', 'Sword Art Online Novela 2', 2, 3, 14.36),
(269, '7647281', 'Demon Slayer: Kimetsu no Yaiba', 10, 45, 12.58),
(270, '56845374', 'Studio Ghibli Artbook', 4, 497, 96.97),
(271, '46527131', 'Re:Zero - Starting Life', 1, 54, 29.72),
(272, '17999108', 'One Piece: East Blue', 2, 13, 14.35),
(273, '36404503', 'Sword Art Online Novela 2', 4, 221, 34.17),
(274, '50501971', 'Re:Zero - Starting Life', 10, 455, 10.02),
(275, '32375512', 'Spirited Away Soundtrack CD', 7, 454, 82.86),
(276, '95880501', 'Jujutsu Kaisen Volumen 5', 3, 438, 52.40),
(277, '6370981', 'Sword Art Online Novela 2', 5, 53, 63.02),
(278, '91478163', 'One Piece: East Blue', 9, 217, 6.46),
(279, '98157962', 'Neon Genesis Evangelion Artbook', 9, 165, 68.86),
(280, '95518030', 'Spirited Away Soundtrack CD', 2, 130, 80.98),
(281, '4722129', 'Jujutsu Kaisen Volumen 5', 6, 387, 46.35),
(282, '46811325', 'Demon Slayer: Kimetsu no Yaiba', 6, 384, 59.18),
(283, '45731709', 'Spirited Away Soundtrack CD', 5, 81, 27.39),
(284, '57402970', 'Sword Art Online Novela 2', 10, 158, 8.20),
(285, '55705639', 'Fullmetal Alchemist Box Set', 1, 169, 42.81),
(286, '23749340', 'Sword Art Online Novela 2', 3, 491, 55.83),
(287, '38713903', 'My Hero Academia Volumen 3', 6, 87, 60.25),
(288, '20207625', 'Death Note Black Edition', 3, 422, 74.08),
(289, '37989514', 'Sword Art Online Novela 2', 7, 70, 95.65),
(290, '11602605', 'Re:Zero - Starting Life', 9, 292, 93.38),
(291, '26582359', 'Fullmetal Alchemist Box Set', 4, 486, 38.14),
(292, '50747181', 'Neon Genesis Evangelion Artbook', 4, 479, 74.78),
(293, '94282787', 'Neon Genesis Evangelion Artbook', 10, 417, 48.52),
(294, '90084908', 'Spirited Away Soundtrack CD', 9, 438, 15.38),
(295, '69889759', 'Death Note Black Edition', 3, 374, 61.28),
(296, '2662010', 'Chainsaw Man Volumen 1', 8, 164, 40.11),
(297, '90108211', 'One Piece: East Blue', 1, 418, 47.29),
(298, '41164688', 'Neon Genesis Evangelion Artbook', 1, 76, 59.44),
(299, '69980394', 'Bleach Volumen 7', 9, 248, 76.28),
(300, '37360054', 'Demon Slayer: Kimetsu no Yaiba', 1, 405, 89.72),
(301, '22847838', 'Dragon Ball Z: Saga Saiyan', 10, 160, 44.62),
(302, '4567319', 'Dragon Ball Z: Saga Saiyan', 6, 367, 56.78),
(303, '94315242', 'Jujutsu Kaisen Volumen 5', 3, 377, 7.48),
(304, '61057917', 'Fullmetal Alchemist Box Set', 1, 88, 97.46),
(305, '19889647', 'Ataque a los Titanes', 2, 144, 27.39),
(306, '30395040', 'Violet Evergarden Novela', 3, 395, 27.97),
(307, '36622719', 'Ataque a los Titanes', 4, 133, 49.39),
(308, '3779803', 'Black Clover Volumen 12', 9, 338, 71.44),
(309, '82902020', 'One Piece: East Blue', 8, 105, 49.78),
(310, '87027527', 'Black Clover Volumen 12', 1, 14, 39.62),
(311, '92984735', 'Naruto Volumen 1', 2, 421, 16.64),
(312, '87953110', 'One Piece: East Blue', 1, 381, 62.77),
(313, '35100942', 'Neon Genesis Evangelion Artbook', 9, 163, 59.97),
(314, '42475083', 'Tokyo Revengers Edición Especial', 1, 328, 64.24),
(315, '43696700', 'Re:Zero - Starting Life', 6, 158, 38.27),
(316, '75208682', 'My Hero Academia Volumen 3', 5, 44, 61.06),
(317, '40739083', 'Ataque a los Titanes', 6, 95, 43.73),
(318, '25170242', 'Black Clover Volumen 12', 9, 354, 33.38),
(319, '46952015', 'Attack on Titan Artbook', 7, 436, 66.10),
(320, '45713669', 'Sword Art Online Novela 2', 5, 455, 9.33),
(321, '29186794', 'Attack on Titan Artbook', 10, 442, 16.02),
(322, '61138231', 'Bleach Volumen 7', 5, 257, 36.60),
(323, '40183883', 'My Hero Academia Volumen 3', 8, 262, 8.14),
(324, '45206432', 'Re:Zero - Starting Life', 3, 436, 65.85),
(325, '63214591', 'Jujutsu Kaisen Volumen 5', 1, 377, 88.21),
(326, '17016124', 'Demon Slayer: Kimetsu no Yaiba', 2, 21, 43.76),
(327, '83888414', 'Dragon Ball Z: Saga Saiyan', 7, 355, 84.21),
(328, '29543721', 'Bleach Volumen 7', 8, 453, 8.66),
(329, '20834098', 'Naruto Volumen 1', 1, 109, 76.03),
(330, '63036732', 'Dragon Ball Z: Saga Saiyan', 2, 240, 84.87),
(331, '33861330', 'Demon Slayer: Kimetsu no Yaiba', 8, 299, 11.97),
(332, '90822070', 'Tokyo Revengers Edición Especial', 9, 318, 87.30),
(333, '69785992', 'Black Clover Volumen 12', 1, 483, 27.35),
(334, '94912776', 'Dragon Ball Z: Saga Saiyan', 5, 62, 46.20),
(335, '11385643', 'Fullmetal Alchemist Box Set', 8, 240, 67.76),
(336, '78731985', 'Attack on Titan Artbook', 6, 495, 73.85),
(337, '19089121', 'Studio Ghibli Artbook', 3, 399, 60.17),
(338, '75227047', 'Spirited Away Soundtrack CD', 1, 333, 34.46),
(339, '9551133', 'Black Clover Volumen 12', 8, 115, 51.00),
(340, '28456345', 'Neon Genesis Evangelion Artbook', 4, 342, 79.66),
(341, '20562862', 'Death Note Black Edition', 5, 203, 62.71),
(342, '88772446', 'Studio Ghibli Artbook', 10, 455, 64.92),
(343, '74448721', 'Demon Slayer: Kimetsu no Yaiba', 6, 210, 53.20),
(344, '99197285', 'Studio Ghibli Artbook', 8, 251, 96.81),
(345, '3355207', 'Sword Art Online Novela 2', 6, 205, 86.42),
(346, '50667294', 'Bleach Volumen 7', 3, 321, 7.21),
(347, '91094844', 'Neon Genesis Evangelion Artbook', 1, 226, 71.50),
(348, '15200631', 'Jujutsu Kaisen Volumen 5', 3, 493, 81.15),
(349, '92770394', 'Attack on Titan Artbook', 6, 11, 71.85),
(350, '91613631', 'Fullmetal Alchemist Box Set', 10, 118, 71.68),
(351, '78902051', 'Ataque a los Titanes', 10, 460, 9.09),
(352, '87382410', 'Spirited Away Soundtrack CD', 7, 279, 32.16),
(353, '51122356', 'My Hero Academia Volumen 3', 4, 308, 61.44),
(354, '44028963', 'Dragon Ball Z: Saga Saiyan', 1, 447, 45.13),
(355, '44688742', 'Chainsaw Man Volumen 1', 3, 346, 75.32),
(356, '67452855', 'Jujutsu Kaisen Volumen 5', 5, 350, 74.75),
(357, '25440213', 'Re:Zero - Starting Life', 10, 11, 85.12),
(358, '19471897', 'Sword Art Online Novela 2', 4, 117, 41.65),
(359, '10773436', 'Neon Genesis Evangelion Artbook', 7, 376, 55.23),
(360, '45216906', 'Jujutsu Kaisen Volumen 5', 4, 218, 59.89),
(361, '27936951', 'Spirited Away Soundtrack CD', 10, 233, 36.58),
(362, '7853903', 'Chainsaw Man Volumen 1', 6, 39, 43.86),
(363, '95750250', 'Demon Slayer: Kimetsu no Yaiba', 4, 121, 10.84),
(364, '3380192', 'Violet Evergarden Novela', 10, 13, 76.16),
(365, '43661965', 'Studio Ghibli Artbook', 10, 267, 31.72),
(366, '87587445', 'Death Note Black Edition', 9, 113, 12.48),
(367, '99119514', 'Chainsaw Man Volumen 1', 4, 276, 42.17),
(368, '37896394', 'Jujutsu Kaisen Volumen 5', 2, 411, 26.38),
(369, '71557338', 'My Hero Academia Volumen 3', 1, 9, 50.99),
(370, '89288500', 'Ataque a los Titanes', 7, 96, 77.48),
(371, '18776640', 'Jujutsu Kaisen Volumen 5', 4, 238, 37.97),
(372, '1028063', 'Tokyo Revengers Edición Especial', 7, 69, 43.91),
(373, '46844659', 'One Piece: East Blue', 10, 390, 87.30),
(374, '18924096', 'One Piece: East Blue', 10, 202, 56.65),
(375, '27817686', 'Spirited Away Soundtrack CD', 10, 80, 91.34),
(376, '48092241', 'Death Note Black Edition', 2, 23, 73.06),
(377, '33764431', 'Death Note Black Edition', 4, 59, 33.19),
(378, '19098849', 'Spirited Away Soundtrack CD', 2, 199, 75.15),
(379, '46013580', 'Neon Genesis Evangelion Artbook', 10, 331, 30.66),
(380, '84038123', 'Jujutsu Kaisen Volumen 5', 10, 197, 80.03),
(381, '52775537', 'Bleach Volumen 7', 3, 466, 28.81),
(382, '79320074', 'Neon Genesis Evangelion Artbook', 9, 494, 37.51),
(383, '30956966', 'Attack on Titan Artbook', 9, 438, 58.23),
(384, '26635989', 'Studio Ghibli Artbook', 5, 433, 28.95),
(385, '2148605', 'Re:Zero - Starting Life', 8, 251, 18.66),
(386, '87084364', 'Attack on Titan Artbook', 4, 397, 17.80),
(387, '76992096', 'Jujutsu Kaisen Volumen 5', 1, 231, 22.33),
(388, '760408', 'Studio Ghibli Artbook', 4, 189, 93.48),
(389, '10104296', 'One Piece: East Blue', 8, 315, 79.17),
(390, '34785160', 'Attack on Titan Artbook', 2, 130, 80.92),
(391, '68403286', 'Fullmetal Alchemist Box Set', 10, 479, 53.92),
(392, '43162401', 'Demon Slayer: Kimetsu no Yaiba', 9, 242, 28.16),
(393, '44612000', 'Naruto Volumen 1', 8, 494, 93.74),
(394, '21733076', 'Jujutsu Kaisen Volumen 5', 2, 42, 6.21),
(395, '30990305', 'Demon Slayer: Kimetsu no Yaiba', 4, 472, 38.52),
(396, '63116332', 'Bleach Volumen 7', 9, 123, 31.93),
(397, '55779528', 'My Hero Academia Volumen 3', 5, 21, 7.21),
(398, '228184', 'Re:Zero - Starting Life', 4, 281, 67.05),
(399, '67958958', 'Studio Ghibli Artbook', 4, 442, 73.56),
(400, '56875969', 'Chainsaw Man Volumen 1', 8, 318, 63.55),
(401, '71237309', 'Naruto Volumen 1', 4, 133, 26.03),
(402, '27283717', 'Chainsaw Man Volumen 1', 7, 149, 77.80),
(403, '88527832', 'Ataque a los Titanes', 9, 450, 7.89),
(404, '36362164', 'One Piece: East Blue', 10, 28, 54.87),
(405, '93733957', 'Demon Slayer: Kimetsu no Yaiba', 7, 376, 61.14),
(406, '96245126', 'One Piece: East Blue', 10, 165, 49.47),
(407, '56489153', 'Jujutsu Kaisen Volumen 5', 4, 286, 6.22),
(408, '88783974', 'Black Clover Volumen 12', 8, 461, 52.02),
(409, '69536477', 'Violet Evergarden Novela', 6, 172, 54.63),
(410, '3589366', 'Violet Evergarden Novela', 7, 332, 93.48),
(411, '13016978', 'Naruto Volumen 1', 6, 197, 22.97),
(412, '93787622', 'One Piece: East Blue', 4, 443, 16.32),
(413, '6780144', 'Dragon Ball Z: Saga Saiyan', 2, 11, 93.40),
(414, '12050450', 'Neon Genesis Evangelion Artbook', 3, 446, 22.71),
(415, '37295954', 'Fullmetal Alchemist Box Set', 5, 398, 43.90),
(416, '31520706', 'My Hero Academia Volumen 3', 4, 265, 81.76),
(417, '16538396', 'Violet Evergarden Novela', 4, 19, 8.41),
(418, '78368437', 'One Piece: East Blue', 1, 491, 67.83),
(419, '90728839', 'Studio Ghibli Artbook', 10, 307, 10.28),
(420, '45633392', 'Tokyo Revengers Edición Especial', 4, 471, 64.50),
(421, '70696189', 'Spirited Away Soundtrack CD', 9, 498, 76.12),
(422, '40331000', 'My Hero Academia Volumen 3', 3, 409, 26.36),
(423, '22916061', 'Violet Evergarden Novela', 8, 360, 73.31),
(424, '54130525', 'Chainsaw Man Volumen 1', 6, 184, 21.00),
(425, '11150415', 'Jujutsu Kaisen Volumen 5', 6, 26, 7.59),
(426, '31921447', 'Attack on Titan Artbook', 5, 259, 39.78),
(427, '1464913', 'Fullmetal Alchemist Box Set', 6, 18, 28.94),
(428, '49123132', 'Violet Evergarden Novela', 5, 221, 52.89),
(429, '18402921', 'Attack on Titan Artbook', 3, 358, 91.39),
(430, '39721647', 'My Hero Academia Volumen 3', 1, 228, 42.08),
(431, '73276697', 'Studio Ghibli Artbook', 5, 375, 79.13),
(432, '1716278', 'Jujutsu Kaisen Volumen 5', 9, 139, 20.67),
(433, '1950200', 'One Piece: East Blue', 5, 239, 17.95),
(434, '32237096', 'Jujutsu Kaisen Volumen 5', 8, 431, 86.91),
(435, '32168200', 'Ataque a los Titanes', 1, 470, 11.72),
(436, '898044', 'Neon Genesis Evangelion Artbook', 9, 347, 59.62),
(437, '40743193', 'Fullmetal Alchemist Box Set', 10, 386, 74.93),
(438, '59678247', 'Sword Art Online Novela 2', 1, 422, 71.60),
(439, '57478077', 'Black Clover Volumen 12', 6, 438, 70.22),
(440, '15108019', 'Tokyo Revengers Edición Especial', 4, 191, 55.43),
(441, '31481591', 'Re:Zero - Starting Life', 8, 408, 84.91),
(442, '63158438', 'Neon Genesis Evangelion Artbook', 2, 147, 98.15),
(443, '41479231', 'Black Clover Volumen 12', 8, 46, 10.26),
(444, '34864613', 'Demon Slayer: Kimetsu no Yaiba', 6, 209, 44.23),
(445, '68781861', 'Jujutsu Kaisen Volumen 5', 6, 490, 30.73),
(446, '77461206', 'Fullmetal Alchemist Box Set', 5, 313, 94.53),
(447, '98609333', 'Spirited Away Soundtrack CD', 1, 97, 39.30),
(448, '60611956', 'Death Note Black Edition', 6, 499, 15.93),
(449, '79529479', 'Fullmetal Alchemist Box Set', 9, 85, 57.54),
(450, '55067226', 'Ataque a los Titanes', 4, 329, 12.90),
(451, '82240877', 'Violet Evergarden Novela', 3, 335, 8.78),
(452, '57226146', 'Fullmetal Alchemist Box Set', 9, 268, 85.24),
(453, '99843797', 'Death Note Black Edition', 2, 482, 53.62),
(454, '38620071', 'Bleach Volumen 7', 4, 478, 89.49),
(455, '66496133', 'Tokyo Revengers Edición Especial', 10, 92, 83.17),
(456, '3318734', 'My Hero Academia Volumen 3', 9, 492, 27.23),
(457, '28804066', 'Violet Evergarden Novela', 1, 482, 15.17),
(458, '17712678', 'Sword Art Online Novela 2', 10, 180, 74.19),
(459, '31651062', 'Dragon Ball Z: Saga Saiyan', 2, 59, 59.47),
(460, '60668319', 'Tokyo Revengers Edición Especial', 2, 119, 6.12),
(461, '53192741', 'My Hero Academia Volumen 3', 7, 395, 43.74),
(462, '3410728', 'Ataque a los Titanes', 7, 367, 91.70),
(463, '47255712', 'Naruto Volumen 1', 4, 188, 19.95),
(464, '40345106', 'Neon Genesis Evangelion Artbook', 9, 202, 25.44),
(465, '19243627', 'My Hero Academia Volumen 3', 4, 334, 79.03),
(466, '97444434', 'Neon Genesis Evangelion Artbook', 9, 377, 81.19),
(467, '44863219', 'Bleach Volumen 7', 8, 238, 50.17),
(468, '15249930', 'Neon Genesis Evangelion Artbook', 6, 141, 43.61),
(469, '11010717', 'Neon Genesis Evangelion Artbook', 5, 204, 42.69),
(470, '84434308', 'Naruto Volumen 1', 4, 212, 96.81),
(471, '52457861', 'Violet Evergarden Novela', 4, 191, 59.65),
(472, '38685465', 'Ataque a los Titanes', 9, 396, 94.73),
(473, '60431304', 'Ataque a los Titanes', 6, 145, 56.55),
(474, '31201623', 'Chainsaw Man Volumen 1', 7, 448, 75.66),
(475, '20916091', 'Ataque a los Titanes', 1, 246, 34.99),
(476, '13314287', 'Dragon Ball Z: Saga Saiyan', 10, 190, 93.39),
(477, '37980087', 'Naruto Volumen 1', 1, 474, 69.84),
(478, '22600542', 'Sword Art Online Novela 2', 7, 57, 35.89),
(479, '64021488', 'Naruto Volumen 1', 2, 392, 17.15),
(480, '9009276', 'Tokyo Revengers Edición Especial', 8, 350, 50.01),
(481, '38206243', 'Demon Slayer: Kimetsu no Yaiba', 8, 309, 24.61),
(482, '7346017', 'Re:Zero - Starting Life', 5, 38, 26.19),
(483, '21938793', 'Naruto Volumen 1', 9, 418, 47.76),
(484, '99375028', 'Fullmetal Alchemist Box Set', 3, 26, 35.57),
(485, '12086763', 'Death Note Black Edition', 6, 447, 85.09),
(486, '28450623', 'Studio Ghibli Artbook', 9, 134, 48.45),
(487, '74358320', 'Fullmetal Alchemist Box Set', 9, 131, 64.61),
(488, '64854618', 'Demon Slayer: Kimetsu no Yaiba', 6, 190, 12.52),
(489, '90063814', 'Fullmetal Alchemist Box Set', 8, 218, 89.32),
(490, '87136345', 'Bleach Volumen 7', 10, 229, 10.83),
(491, '68976388', 'Demon Slayer: Kimetsu no Yaiba', 10, 440, 79.12),
(492, '66520737', 'Jujutsu Kaisen Volumen 5', 2, 20, 90.03),
(493, '10690166', 'Fullmetal Alchemist Box Set', 2, 253, 90.10),
(494, '34559957', 'One Piece: East Blue', 8, 7, 41.46),
(495, '82811250', 'Jujutsu Kaisen Volumen 5', 4, 256, 37.17),
(496, '91023533', 'Spirited Away Soundtrack CD', 3, 151, 84.71),
(497, '87058075', 'Chainsaw Man Volumen 1', 4, 404, 36.91),
(498, '96915951', 'Death Note Black Edition', 6, 299, 61.84),
(499, '22386862', 'Attack on Titan Artbook', 5, 245, 8.25),
(500, '29234151', 'Fullmetal Alchemist Box Set', 3, 315, 78.04),
(501, '12359957', 'Ataque a los Titanes', 5, 420, 5.54),
(502, '36011114', 'Tokyo Revengers Edición Especial', 8, 262, 42.07),
(503, '11986204', 'Re:Zero - Starting Life', 6, 263, 92.53),
(504, '99850826', 'Re:Zero - Starting Life', 5, 32, 57.66),
(505, '89663509', 'Attack on Titan Artbook', 9, 264, 97.51),
(506, '25868877', 'Death Note Black Edition', 8, 443, 46.28),
(507, '28742049', 'Sword Art Online Novela 2', 7, 333, 17.80),
(508, '28155863', 'Naruto Volumen 1', 4, 92, 81.04),
(509, '91679058', 'Neon Genesis Evangelion Artbook', 4, 289, 26.77),
(510, '73206850', 'One Piece: East Blue', 5, 240, 52.18),
(511, '28171292', 'Ataque a los Titanes', 5, 121, 99.09),
(512, '66222339', 'Jujutsu Kaisen Volumen 5', 9, 300, 19.65),
(513, '19194880', 'Jujutsu Kaisen Volumen 5', 10, 220, 29.04),
(514, '38642265', 'Dragon Ball Z: Saga Saiyan', 3, 172, 61.06),
(515, '11671202', 'Fullmetal Alchemist Box Set', 4, 428, 87.56),
(516, '11539169', 'Attack on Titan Artbook', 8, 496, 29.46),
(517, '36483705', 'Neon Genesis Evangelion Artbook', 8, 297, 78.91),
(518, '53735342', 'Studio Ghibli Artbook', 9, 391, 16.30),
(519, '72628998', 'Death Note Black Edition', 6, 135, 89.56),
(520, '26020732', 'Naruto Volumen 1', 1, 273, 45.82),
(521, '84721675', 'Dragon Ball Z: Saga Saiyan', 1, 386, 59.51),
(522, '52104735', 'Ataque a los Titanes', 8, 219, 59.19),
(523, '6811946', 'Neon Genesis Evangelion Artbook', 7, 22, 92.36),
(524, '7677955', 'Attack on Titan Artbook', 2, 130, 24.51),
(525, '75422702', 'My Hero Academia Volumen 3', 10, 379, 75.74),
(526, '96078110', 'Jujutsu Kaisen Volumen 5', 7, 65, 56.64),
(527, '86671245', 'Re:Zero - Starting Life', 5, 330, 7.96),
(528, '87749536', 'Fullmetal Alchemist Box Set', 3, 284, 12.13),
(529, '74600895', 'Chainsaw Man Volumen 1', 6, 238, 11.09),
(530, '18285709', 'Bleach Volumen 7', 2, 229, 35.04),
(531, '39032947', 'Demon Slayer: Kimetsu no Yaiba', 1, 186, 52.74),
(532, '77646090', 'Fullmetal Alchemist Box Set', 1, 57, 82.83),
(533, '88992450', 'Ataque a los Titanes', 1, 215, 51.08),
(534, '17474934', 'Tokyo Revengers Edición Especial', 7, 134, 39.26),
(535, '56689543', 'Tokyo Revengers Edición Especial', 6, 132, 22.24),
(536, '51000137', 'Jujutsu Kaisen Volumen 5', 2, 491, 59.32),
(537, '16776969', 'Dragon Ball Z: Saga Saiyan', 5, 102, 48.71),
(538, '99086123', 'Ataque a los Titanes', 10, 384, 74.15),
(539, '72236210', 'Chainsaw Man Volumen 1', 10, 246, 53.39),
(540, '24438083', 'One Piece: East Blue', 5, 329, 73.15),
(541, '40985892', 'Spirited Away Soundtrack CD', 10, 500, 86.59),
(542, '80715443', 'Sword Art Online Novela 2', 7, 115, 11.68),
(543, '68241469', 'Tokyo Revengers Edición Especial', 8, 103, 84.93),
(544, '75235869', 'Death Note Black Edition', 1, 432, 62.99),
(545, '44893572', 'Sword Art Online Novela 2', 1, 124, 29.21),
(546, '71550507', 'One Piece: East Blue', 10, 263, 59.08),
(547, '11630737', 'My Hero Academia Volumen 3', 2, 416, 72.16),
(548, '3031220', 'Spirited Away Soundtrack CD', 10, 62, 9.04),
(549, '72469076', 'Black Clover Volumen 12', 1, 96, 83.54),
(550, '57473603', 'Spirited Away Soundtrack CD', 3, 318, 77.09),
(551, '57174716', 'One Piece: East Blue', 10, 253, 49.84),
(552, '68411724', 'Tokyo Revengers Edición Especial', 1, 309, 35.14),
(553, '80740448', 'Spirited Away Soundtrack CD', 5, 22, 47.81),
(554, '54710797', 'Attack on Titan Artbook', 10, 273, 30.03),
(555, '19451625', 'Chainsaw Man Volumen 1', 5, 491, 14.06),
(556, '24601986', 'Spirited Away Soundtrack CD', 6, 276, 10.30),
(557, '63259190', 'Bleach Volumen 7', 2, 153, 81.72),
(558, '6374455', 'Death Note Black Edition', 1, 221, 59.45),
(559, '64320930', 'Bleach Volumen 7', 2, 364, 90.42),
(560, '6557216', 'Attack on Titan Artbook', 10, 327, 18.02),
(561, '73264115', 'Demon Slayer: Kimetsu no Yaiba', 4, 79, 25.18),
(562, '35019911', 'Studio Ghibli Artbook', 9, 152, 54.99),
(563, '52581570', 'Death Note Black Edition', 2, 198, 95.99),
(564, '43314739', 'Re:Zero - Starting Life', 2, 253, 37.74),
(565, '9467062', 'Demon Slayer: Kimetsu no Yaiba', 8, 307, 97.85),
(566, '68847721', 'Re:Zero - Starting Life', 2, 229, 99.92),
(567, '11129968', 'Re:Zero - Starting Life', 10, 355, 43.67),
(568, '56483723', 'Demon Slayer: Kimetsu no Yaiba', 4, 129, 51.06),
(569, '10039477', 'Re:Zero - Starting Life', 7, 108, 70.76),
(570, '43935379', 'Re:Zero - Starting Life', 1, 459, 40.49),
(571, '66229163', 'Attack on Titan Artbook', 9, 250, 44.15),
(572, '45518957', 'Violet Evergarden Novela', 9, 290, 19.25),
(573, '86605334', 'Studio Ghibli Artbook', 5, 154, 9.82),
(574, '7202847', 'Neon Genesis Evangelion Artbook', 7, 46, 94.95),
(575, '91094946', 'Black Clover Volumen 12', 6, 288, 36.28),
(576, '64513495', 'Chainsaw Man Volumen 1', 8, 484, 83.55),
(577, '53626654', 'Neon Genesis Evangelion Artbook', 8, 92, 39.24),
(578, '2007787', 'Violet Evergarden Novela', 1, 466, 45.81),
(579, '74365638', 'Fullmetal Alchemist Box Set', 10, 43, 69.18),
(580, '65707522', 'Chainsaw Man Volumen 1', 7, 482, 17.65),
(581, '50098719', 'My Hero Academia Volumen 3', 5, 8, 57.07),
(582, '4812588', 'Jujutsu Kaisen Volumen 5', 3, 423, 23.13),
(583, '94446615', 'Fullmetal Alchemist Box Set', 9, 230, 76.49),
(584, '68776857', 'Tokyo Revengers Edición Especial', 8, 485, 21.39),
(585, '20534630', 'Dragon Ball Z: Saga Saiyan', 5, 61, 23.36),
(586, '20353635', 'Violet Evergarden Novela', 4, 269, 64.46),
(587, '29499246', 'Death Note Black Edition', 8, 127, 56.16),
(588, '59664118', 'Violet Evergarden Novela', 5, 231, 90.87),
(589, '13699623', 'Neon Genesis Evangelion Artbook', 2, 256, 51.25),
(590, '15233710', 'Sword Art Online Novela 2', 2, 425, 24.44),
(591, '90357995', 'Sword Art Online Novela 2', 3, 170, 58.66),
(592, '44146788', 'Fullmetal Alchemist Box Set', 6, 153, 37.18),
(593, '65382653', 'One Piece: East Blue', 3, 192, 33.18),
(594, '35045202', 'Dragon Ball Z: Saga Saiyan', 3, 30, 87.43),
(595, '17065519', 'Violet Evergarden Novela', 9, 308, 8.83),
(596, '49905512', 'Naruto Volumen 1', 4, 433, 73.41),
(597, '80659965', 'Chainsaw Man Volumen 1', 8, 345, 23.72),
(598, '62609431', 'Ataque a los Titanes', 4, 301, 58.60),
(599, '95643694', 'Jujutsu Kaisen Volumen 5', 4, 101, 29.71),
(600, '71910920', 'Jujutsu Kaisen Volumen 5', 6, 351, 99.87),
(601, '88369699', 'Ataque a los Titanes', 1, 80, 97.48),
(602, '49409249', 'Black Clover Volumen 12', 2, 493, 84.46),
(603, '96740618', 'Chainsaw Man Volumen 1', 7, 492, 93.15),
(604, '39784838', 'Attack on Titan Artbook', 4, 282, 32.30),
(605, '20776384', 'Black Clover Volumen 12', 9, 185, 51.72),
(606, '79232950', 'Bleach Volumen 7', 9, 365, 75.91),
(607, '20487457', 'Dragon Ball Z: Saga Saiyan', 9, 227, 48.07),
(608, '4551875', 'Sword Art Online Novela 2', 7, 392, 50.62),
(609, '44548787', 'Tokyo Revengers Edición Especial', 8, 83, 61.32),
(610, '6273030', 'Spirited Away Soundtrack CD', 5, 167, 54.88),
(611, '40575888', 'Jujutsu Kaisen Volumen 5', 8, 411, 17.15),
(612, '31538087', 'Neon Genesis Evangelion Artbook', 2, 73, 80.15),
(613, '69635786', 'Violet Evergarden Novela', 8, 191, 35.78),
(614, '59806961', 'Demon Slayer: Kimetsu no Yaiba', 6, 2, 34.30),
(615, '4624913', 'Attack on Titan Artbook', 4, 142, 84.37),
(616, '74374430', 'Death Note Black Edition', 1, 45, 64.30),
(617, '64433252', 'Attack on Titan Artbook', 10, 340, 54.43),
(618, '31071456', 'Death Note Black Edition', 9, 409, 11.25),
(619, '83595922', 'Bleach Volumen 7', 10, 417, 37.00),
(620, '98122032', 'Attack on Titan Artbook', 10, 410, 70.63),
(621, '48710878', 'Chainsaw Man Volumen 1', 5, 49, 68.78),
(622, '82060817', 'Spirited Away Soundtrack CD', 3, 284, 40.43),
(623, '20961', 'Spirited Away Soundtrack CD', 3, 389, 98.06),
(624, '7193209', 'Black Clover Volumen 12', 2, 107, 76.92),
(625, '21382877', 'Death Note Black Edition', 3, 360, 9.28),
(626, '69159909', 'Violet Evergarden Novela', 6, 323, 15.88),
(627, '31150188', 'Re:Zero - Starting Life', 3, 24, 42.68),
(628, '22174349', 'Violet Evergarden Novela', 7, 345, 77.73),
(629, '93418532', 'Naruto Volumen 1', 9, 387, 79.29),
(630, '83694453', 'Black Clover Volumen 12', 5, 178, 31.02),
(631, '76235178', 'Violet Evergarden Novela', 2, 212, 49.99),
(632, '59030913', 'Demon Slayer: Kimetsu no Yaiba', 4, 387, 35.12),
(633, '87546316', 'Fullmetal Alchemist Box Set', 9, 98, 87.61),
(634, '14094467', 'Chainsaw Man Volumen 1', 8, 160, 95.65),
(635, '79783657', 'Death Note Black Edition', 10, 24, 93.10),
(636, '8258322', 'Violet Evergarden Novela', 7, 433, 60.84),
(637, '69283036', 'Neon Genesis Evangelion Artbook', 2, 187, 21.47),
(638, '91685478', 'One Piece: East Blue', 4, 202, 74.06),
(639, '28696131', 'Black Clover Volumen 12', 10, 7, 85.72),
(640, '25309155', 'Violet Evergarden Novela', 10, 169, 56.65),
(641, '18566228', 'Ataque a los Titanes', 4, 423, 35.75),
(642, '24522007', 'My Hero Academia Volumen 3', 3, 179, 34.21),
(643, '60003338', 'Black Clover Volumen 12', 3, 281, 49.57),
(644, '10757881', 'My Hero Academia Volumen 3', 1, 61, 9.42),
(645, '52544328', 'Naruto Volumen 1', 6, 391, 60.22),
(646, '19193137', 'Studio Ghibli Artbook', 4, 146, 38.62),
(647, '64697281', 'Bleach Volumen 7', 9, 265, 7.10),
(648, '63736465', 'Tokyo Revengers Edición Especial', 7, 123, 88.75),
(649, '37529873', 'Neon Genesis Evangelion Artbook', 4, 359, 18.34),
(650, '88429247', 'Attack on Titan Artbook', 6, 31, 11.20),
(651, '3846666', 'Spirited Away Soundtrack CD', 8, 411, 99.94),
(652, '28064859', 'Bleach Volumen 7', 3, 283, 29.25),
(653, '33336099', 'Tokyo Revengers Edición Especial', 7, 133, 80.49),
(654, '12678124', 'Bleach Volumen 7', 9, 209, 60.57),
(655, '35378654', 'Ataque a los Titanes', 7, 277, 29.07),
(656, '91816456', 'Spirited Away Soundtrack CD', 2, 349, 81.23),
(657, '16144301', 'My Hero Academia Volumen 3', 8, 76, 24.17),
(658, '10218417', 'Naruto Volumen 1', 6, 227, 30.49),
(659, '22896199', 'Naruto Volumen 1', 2, 440, 20.98),
(660, '89753569', 'Ataque a los Titanes', 8, 304, 28.98),
(661, '1759289', 'Re:Zero - Starting Life', 7, 432, 93.16),
(662, '22185221', 'Spirited Away Soundtrack CD', 10, 121, 61.43),
(663, '28660107', 'Black Clover Volumen 12', 8, 240, 73.46),
(664, '79189795', 'Jujutsu Kaisen Volumen 5', 7, 330, 27.29),
(665, '75825142', 'Death Note Black Edition', 10, 41, 16.52),
(666, '22942218', 'Jujutsu Kaisen Volumen 5', 7, 90, 41.57),
(667, '53740845', 'Dragon Ball Z: Saga Saiyan', 6, 39, 35.77),
(668, '34467373', 'Ataque a los Titanes', 9, 134, 80.62),
(669, '4711405', 'Neon Genesis Evangelion Artbook', 3, 378, 54.63),
(670, '89658525', 'Ataque a los Titanes', 3, 52, 55.42),
(671, '17793452', 'Demon Slayer: Kimetsu no Yaiba', 2, 76, 63.17),
(672, '44707019', 'Naruto Volumen 1', 5, 147, 29.28),
(673, '73087879', 'Attack on Titan Artbook', 10, 97, 91.36),
(674, '25637252', 'Ataque a los Titanes', 7, 2, 5.30),
(675, '72682252', 'Chainsaw Man Volumen 1', 9, 22, 98.52),
(676, '98418737', 'One Piece: East Blue', 6, 235, 41.07),
(677, '26656504', 'One Piece: East Blue', 6, 180, 70.58),
(678, '20309275', 'Violet Evergarden Novela', 1, 151, 47.51),
(679, '31331830', 'Fullmetal Alchemist Box Set', 6, 327, 78.99),
(680, '93723357', 'Demon Slayer: Kimetsu no Yaiba', 10, 137, 7.25),
(681, '56659560', 'Re:Zero - Starting Life', 5, 126, 50.16),
(682, '52766207', 'Bleach Volumen 7', 3, 36, 98.00),
(683, '77039290', 'One Piece: East Blue', 10, 99, 46.44),
(684, '38061637', 'Fullmetal Alchemist Box Set', 5, 226, 50.48),
(685, '64160819', 'Attack on Titan Artbook', 5, 450, 23.33),
(686, '73857488', 'Naruto Volumen 1', 2, 139, 43.27),
(687, '18020301', 'Bleach Volumen 7', 1, 169, 12.25),
(688, '43471434', 'Demon Slayer: Kimetsu no Yaiba', 3, 148, 32.29),
(689, '24386452', 'Tokyo Revengers Edición Especial', 3, 303, 70.57),
(690, '29448190', 'Ataque a los Titanes', 2, 469, 90.63),
(691, '47601736', 'Dragon Ball Z: Saga Saiyan', 6, 219, 76.86),
(692, '69142660', 'Jujutsu Kaisen Volumen 5', 9, 23, 25.00),
(693, '58498277', 'Jujutsu Kaisen Volumen 5', 7, 143, 7.16),
(694, '92111720', 'Studio Ghibli Artbook', 3, 269, 78.40),
(695, '459288', 'Ataque a los Titanes', 4, 278, 25.17),
(696, '25920041', 'Demon Slayer: Kimetsu no Yaiba', 3, 9, 48.92),
(697, '31723745', 'Death Note Black Edition', 10, 407, 92.34),
(698, '59678819', 'Jujutsu Kaisen Volumen 5', 3, 478, 95.42),
(699, '6660048', 'Naruto Volumen 1', 5, 293, 47.77),
(700, '35955739', 'Sword Art Online Novela 2', 3, 264, 5.24),
(701, '53075288', 'Neon Genesis Evangelion Artbook', 1, 139, 75.48),
(702, '81682442', 'One Piece: East Blue', 4, 93, 97.06),
(703, '94012289', 'Re:Zero - Starting Life', 6, 497, 54.08),
(704, '67837529', 'Sword Art Online Novela 2', 7, 410, 57.75),
(705, '88046334', 'My Hero Academia Volumen 3', 5, 310, 62.34),
(706, '32217666', 'Jujutsu Kaisen Volumen 5', 1, 439, 12.76),
(707, '6097329', 'Re:Zero - Starting Life', 6, 139, 54.51),
(708, '70437141', 'Ataque a los Titanes', 1, 370, 90.02),
(709, '31226589', 'Sword Art Online Novela 2', 3, 2, 41.60),
(710, '23679108', 'Chainsaw Man Volumen 1', 4, 54, 91.96),
(711, '84286298', 'One Piece: East Blue', 1, 459, 23.03),
(712, '76313387', 'Neon Genesis Evangelion Artbook', 5, 236, 94.25),
(713, '97345784', 'Dragon Ball Z: Saga Saiyan', 2, 306, 18.44),
(714, '56704934', 'Studio Ghibli Artbook', 6, 43, 62.57),
(715, '54656281', 'Death Note Black Edition', 1, 328, 79.95),
(716, '7410634', 'Attack on Titan Artbook', 7, 285, 64.50),
(717, '87245634', 'Tokyo Revengers Edición Especial', 5, 374, 35.68),
(718, '92271144', 'Neon Genesis Evangelion Artbook', 8, 227, 61.95),
(719, '23184581', 'Chainsaw Man Volumen 1', 5, 378, 37.87),
(720, '83162372', 'Demon Slayer: Kimetsu no Yaiba', 4, 159, 30.98),
(721, '36843358', 'Sword Art Online Novela 2', 6, 345, 48.69),
(722, '82938192', 'Ataque a los Titanes', 3, 283, 17.85),
(723, '25039435', 'Black Clover Volumen 12', 5, 344, 38.79),
(724, '58873892', 'Violet Evergarden Novela', 9, 174, 24.75),
(725, '96115993', 'Black Clover Volumen 12', 3, 441, 57.66),
(726, '7452490', 'Ataque a los Titanes', 1, 252, 32.38),
(727, '62571137', 'My Hero Academia Volumen 3', 1, 59, 72.62),
(728, '80046009', 'One Piece: East Blue', 6, 50, 28.82),
(729, '28245489', 'One Piece: East Blue', 4, 137, 46.98),
(730, '66477364', 'My Hero Academia Volumen 3', 3, 120, 9.64),
(731, '20266746', 'Neon Genesis Evangelion Artbook', 1, 99, 34.37),
(732, '67031406', 'Ataque a los Titanes', 2, 301, 95.14),
(733, '33505288', 'Ataque a los Titanes', 8, 217, 93.57),
(734, '97026034', 'Death Note Black Edition', 3, 423, 11.79),
(735, '18931473', 'Dragon Ball Z: Saga Saiyan', 1, 105, 83.79),
(736, '22108649', 'Bleach Volumen 7', 10, 294, 67.52),
(737, '61572904', 'Spirited Away Soundtrack CD', 10, 138, 64.87),
(738, '84361478', 'Re:Zero - Starting Life', 9, 471, 54.49),
(739, '87906377', 'Sword Art Online Novela 2', 2, 198, 89.39),
(740, '5953208', 'Bleach Volumen 7', 6, 64, 54.80),
(741, '47166778', 'Bleach Volumen 7', 8, 377, 39.47),
(742, '72557505', 'Jujutsu Kaisen Volumen 5', 10, 279, 80.49),
(743, '82044010', 'One Piece: East Blue', 10, 328, 75.04),
(744, '45405099', 'Ataque a los Titanes', 9, 34, 24.77),
(745, '14806227', 'Bleach Volumen 7', 4, 54, 45.53),
(746, '75743539', 'Sword Art Online Novela 2', 1, 32, 92.09),
(747, '15296651', 'Chainsaw Man Volumen 1', 3, 131, 12.54),
(748, '52441652', 'Demon Slayer: Kimetsu no Yaiba', 7, 388, 95.66),
(749, '6737426', 'Spirited Away Soundtrack CD', 4, 209, 51.48),
(750, '44793254', 'Demon Slayer: Kimetsu no Yaiba', 4, 227, 59.61),
(751, '20416628', 'Black Clover Volumen 12', 3, 97, 29.21),
(752, '59835391', 'Dragon Ball Z: Saga Saiyan', 6, 467, 59.15),
(753, '78471373', 'Naruto Volumen 1', 9, 298, 32.89),
(754, '52603191', 'Black Clover Volumen 12', 10, 171, 33.96),
(755, '40195121', 'Attack on Titan Artbook', 10, 292, 5.04),
(756, '5804878', 'Violet Evergarden Novela', 3, 391, 57.97),
(757, '97994624', 'Fullmetal Alchemist Box Set', 2, 408, 48.83),
(758, '78345341', 'My Hero Academia Volumen 3', 4, 468, 7.54),
(759, '32024770', 'Violet Evergarden Novela', 8, 197, 98.61),
(760, '88334163', 'Death Note Black Edition', 10, 432, 84.52),
(761, '32827060', 'Dragon Ball Z: Saga Saiyan', 5, 400, 74.84),
(762, '4950114', 'Chainsaw Man Volumen 1', 1, 83, 9.24),
(763, '54843536', 'Black Clover Volumen 12', 2, 43, 94.55),
(764, '32509686', 'Tokyo Revengers Edición Especial', 1, 160, 10.18),
(765, '49257531', 'Neon Genesis Evangelion Artbook', 4, 186, 57.38),
(766, '50674951', 'Chainsaw Man Volumen 1', 9, 259, 9.54),
(767, '40107767', 'Chainsaw Man Volumen 1', 10, 291, 42.43),
(768, '37027511', 'One Piece: East Blue', 3, 401, 66.29),
(769, '60895889', 'Neon Genesis Evangelion Artbook', 5, 182, 92.44),
(770, '36149602', 'Dragon Ball Z: Saga Saiyan', 9, 271, 91.38),
(771, '34899510', 'Fullmetal Alchemist Box Set', 8, 98, 75.90),
(772, '81467636', 'Fullmetal Alchemist Box Set', 2, 375, 48.67),
(773, '32692050', 'Spirited Away Soundtrack CD', 6, 396, 27.86),
(774, '39146922', 'Attack on Titan Artbook', 10, 385, 99.25),
(775, '35920989', 'Chainsaw Man Volumen 1', 10, 215, 7.94),
(776, '38833420', 'Fullmetal Alchemist Box Set', 8, 382, 19.86),
(777, '22291195', 'Ataque a los Titanes', 4, 331, 86.14),
(778, '51484807', 'One Piece: East Blue', 5, 302, 18.60),
(779, '67511443', 'Bleach Volumen 7', 4, 487, 36.23),
(780, '90184950', 'Violet Evergarden Novela', 2, 39, 82.20),
(781, '22155338', 'Death Note Black Edition', 6, 385, 42.99),
(782, '50413542', 'Ataque a los Titanes', 3, 82, 66.58),
(783, '27179513', 'One Piece: East Blue', 7, 171, 64.15),
(784, '62024472', 'Death Note Black Edition', 7, 203, 50.43),
(785, '18110563', 'Re:Zero - Starting Life', 4, 281, 25.47),
(786, '91256952', 'Neon Genesis Evangelion Artbook', 6, 299, 85.86),
(787, '26836366', 'Tokyo Revengers Edición Especial', 4, 119, 65.57),
(788, '57190644', 'One Piece: East Blue', 9, 428, 36.36),
(789, '53544797', 'Attack on Titan Artbook', 9, 196, 32.79),
(790, '34366746', 'Ataque a los Titanes', 2, 452, 56.19),
(791, '14653834', 'Fullmetal Alchemist Box Set', 7, 132, 81.77),
(792, '35528028', 'Jujutsu Kaisen Volumen 5', 1, 277, 29.04),
(793, '83530524', 'Studio Ghibli Artbook', 1, 200, 30.55),
(794, '28878248', 'Demon Slayer: Kimetsu no Yaiba', 6, 107, 5.80),
(795, '80676958', 'Spirited Away Soundtrack CD', 6, 468, 80.17),
(796, '62168451', 'Black Clover Volumen 12', 1, 50, 56.83),
(797, '13837111', 'Attack on Titan Artbook', 6, 181, 34.77),
(798, '57682861', 'Ataque a los Titanes', 7, 225, 24.07),
(799, '13221107', 'Tokyo Revengers Edición Especial', 10, 177, 14.80),
(800, '99130984', 'Demon Slayer: Kimetsu no Yaiba', 3, 421, 11.48),
(801, '37576481', 'Tokyo Revengers Edición Especial', 3, 479, 20.51),
(802, '75211927', 'Bleach Volumen 7', 6, 467, 32.12),
(803, '53110352', 'Neon Genesis Evangelion Artbook', 2, 160, 57.50),
(804, '96971846', 'One Piece: East Blue', 1, 396, 88.97),
(805, '16792685', 'Dragon Ball Z: Saga Saiyan', 2, 463, 78.68),
(806, '53117463', 'One Piece: East Blue', 7, 385, 41.72),
(807, '5264631', 'One Piece: East Blue', 2, 348, 99.45),
(808, '33705823', 'Violet Evergarden Novela', 3, 229, 42.69),
(809, '64127224', 'Ataque a los Titanes', 6, 35, 36.49),
(810, '8947299', 'Dragon Ball Z: Saga Saiyan', 4, 294, 93.48),
(811, '4927047', 'Ataque a los Titanes', 3, 345, 96.16),
(812, '52100814', 'Fullmetal Alchemist Box Set', 3, 409, 39.80),
(813, '72835670', 'One Piece: East Blue', 7, 174, 68.96),
(814, '94180736', 'Dragon Ball Z: Saga Saiyan', 10, 25, 45.23),
(815, '49263361', 'Chainsaw Man Volumen 1', 1, 73, 9.54),
(816, '7167000', 'Sword Art Online Novela 2', 8, 32, 94.19),
(817, '48880230', 'Spirited Away Soundtrack CD', 10, 391, 53.82),
(818, '13371772', 'Chainsaw Man Volumen 1', 4, 482, 52.28),
(819, '53726039', 'Chainsaw Man Volumen 1', 8, 328, 46.21),
(820, '95603000', 'Chainsaw Man Volumen 1', 7, 332, 92.97),
(821, '76642857', 'Sword Art Online Novela 2', 5, 145, 81.71),
(822, '32678454', 'Ataque a los Titanes', 4, 369, 98.98),
(823, '87672019', 'Death Note Black Edition', 8, 289, 53.16),
(824, '58994668', 'Fullmetal Alchemist Box Set', 1, 270, 23.96),
(825, '98630653', 'Naruto Volumen 1', 1, 484, 7.93),
(826, '67453110', 'Jujutsu Kaisen Volumen 5', 1, 304, 51.37),
(827, '1502959', 'Re:Zero - Starting Life', 1, 81, 42.45),
(828, '79496283', 'Fullmetal Alchemist Box Set', 6, 189, 95.76),
(829, '58196120', 'Tokyo Revengers Edición Especial', 5, 280, 31.79),
(830, '35476528', 'Studio Ghibli Artbook', 6, 412, 59.17),
(831, '92180177', 'Fullmetal Alchemist Box Set', 2, 178, 75.68),
(832, '86426495', 'Bleach Volumen 7', 5, 456, 62.10),
(833, '26909361', 'One Piece: East Blue', 6, 361, 21.91),
(834, '32007482', 'Sword Art Online Novela 2', 4, 187, 79.03),
(835, '27680137', 'Bleach Volumen 7', 9, 3, 77.85),
(836, '85375295', 'Chainsaw Man Volumen 1', 7, 258, 5.28);
INSERT INTO `productos` (`id`, `codigo`, `nombre`, `proveedor`, `stock`, `precio`) VALUES
(837, '57422002', 'Violet Evergarden Novela', 2, 23, 70.98),
(838, '72322591', 'Naruto Volumen 1', 1, 267, 52.79),
(839, '35837244', 'Fullmetal Alchemist Box Set', 1, 142, 95.37),
(840, '41839639', 'Death Note Black Edition', 4, 313, 57.18),
(841, '60367052', 'Bleach Volumen 7', 1, 235, 80.94),
(842, '98905855', 'Fullmetal Alchemist Box Set', 6, 21, 12.87),
(843, '30959882', 'Fullmetal Alchemist Box Set', 2, 344, 74.91),
(844, '62421843', 'One Piece: East Blue', 7, 147, 43.99),
(845, '14072082', 'Sword Art Online Novela 2', 8, 426, 97.03),
(846, '19324202', 'Death Note Black Edition', 6, 319, 36.85),
(847, '43619073', 'Violet Evergarden Novela', 9, 309, 13.41),
(848, '1959958', 'Spirited Away Soundtrack CD', 6, 492, 90.94),
(849, '42794475', 'Black Clover Volumen 12', 5, 203, 18.35),
(850, '72067647', 'Death Note Black Edition', 8, 92, 85.01),
(851, '72426237', 'Neon Genesis Evangelion Artbook', 8, 87, 27.61),
(852, '42398125', 'Ataque a los Titanes', 10, 36, 41.47),
(853, '28258450', 'Violet Evergarden Novela', 3, 297, 76.19),
(854, '64699701', 'Fullmetal Alchemist Box Set', 5, 2, 46.23),
(855, '12633719', 'Re:Zero - Starting Life', 1, 62, 56.83),
(856, '78408240', 'Sword Art Online Novela 2', 10, 429, 96.14),
(857, '68285058', 'Attack on Titan Artbook', 4, 281, 83.22),
(858, '39058305', 'Black Clover Volumen 12', 3, 353, 65.65),
(859, '27972675', 'One Piece: East Blue', 9, 211, 67.30),
(860, '26005567', 'Tokyo Revengers Edición Especial', 7, 484, 9.11),
(861, '26921681', 'Violet Evergarden Novela', 8, 468, 35.98),
(862, '30960461', 'Fullmetal Alchemist Box Set', 10, 100, 92.22),
(863, '46963584', 'Attack on Titan Artbook', 3, 1, 69.14),
(864, '32896479', 'Dragon Ball Z: Saga Saiyan', 1, 55, 94.91),
(865, '65921810', 'Sword Art Online Novela 2', 4, 339, 65.70),
(866, '44580443', 'Violet Evergarden Novela', 2, 342, 44.90),
(867, '56899259', 'Studio Ghibli Artbook', 8, 453, 40.28),
(868, '55335939', 'Studio Ghibli Artbook', 8, 326, 87.45),
(869, '87408978', 'Attack on Titan Artbook', 2, 130, 18.20),
(870, '38737317', 'Dragon Ball Z: Saga Saiyan', 10, 83, 60.81),
(871, '78808936', 'Re:Zero - Starting Life', 9, 439, 62.30),
(872, '6031125', 'Re:Zero - Starting Life', 10, 283, 39.41),
(873, '55714678', 'Neon Genesis Evangelion Artbook', 1, 211, 23.29),
(874, '91555517', 'Sword Art Online Novela 2', 2, 339, 22.37),
(875, '70920476', 'Dragon Ball Z: Saga Saiyan', 4, 467, 27.91),
(876, '97795714', 'Attack on Titan Artbook', 5, 399, 82.14),
(877, '45091518', 'Naruto Volumen 1', 8, 449, 14.20),
(878, '48172849', 'Violet Evergarden Novela', 6, 439, 83.54),
(879, '90317906', 'Jujutsu Kaisen Volumen 5', 7, 167, 54.67),
(880, '30861279', 'Sword Art Online Novela 2', 5, 264, 42.55),
(881, '95047791', 'Studio Ghibli Artbook', 7, 261, 51.18),
(882, '72725758', 'One Piece: East Blue', 6, 325, 68.21),
(883, '88491147', 'Jujutsu Kaisen Volumen 5', 10, 151, 13.03),
(884, '89771892', 'Attack on Titan Artbook', 5, 302, 88.35),
(885, '14498653', 'Death Note Black Edition', 6, 166, 7.87),
(886, '52960775', 'Tokyo Revengers Edición Especial', 7, 101, 77.49),
(887, '19285644', 'Studio Ghibli Artbook', 10, 176, 58.57),
(888, '18704464', 'Violet Evergarden Novela', 1, 356, 31.30),
(889, '84872397', 'One Piece: East Blue', 9, 221, 63.35),
(890, '69734554', 'Dragon Ball Z: Saga Saiyan', 3, 32, 44.80),
(891, '14976570', 'Violet Evergarden Novela', 1, 1, 71.03),
(892, '35342621', 'Re:Zero - Starting Life', 7, 102, 33.99),
(893, '20792740', 'Ataque a los Titanes', 4, 128, 29.78),
(894, '27962298', 'My Hero Academia Volumen 3', 4, 251, 38.46),
(895, '63958076', 'Bleach Volumen 7', 8, 468, 58.56),
(896, '28571118', 'Dragon Ball Z: Saga Saiyan', 1, 60, 13.57),
(897, '19150526', 'Studio Ghibli Artbook', 3, 284, 12.21),
(898, '19177172', 'Death Note Black Edition', 9, 400, 76.17),
(899, '61727923', 'Death Note Black Edition', 10, 161, 31.87),
(900, '45511711', 'Bleach Volumen 7', 9, 325, 25.18),
(901, '87741557', 'One Piece: East Blue', 1, 136, 86.72),
(902, '42941305', 'Demon Slayer: Kimetsu no Yaiba', 5, 118, 43.50),
(903, '4562408', 'Spirited Away Soundtrack CD', 5, 498, 90.17),
(904, '81704727', 'Bleach Volumen 7', 5, 378, 97.88),
(905, '83874117', 'Death Note Black Edition', 10, 13, 84.01),
(906, '33428159', 'Tokyo Revengers Edición Especial', 1, 255, 5.44),
(907, '12495876', 'Sword Art Online Novela 2', 3, 184, 10.58),
(908, '81471372', 'Naruto Volumen 1', 1, 376, 11.46),
(909, '27111241', 'Studio Ghibli Artbook', 2, 111, 74.83),
(910, '49904566', 'Death Note Black Edition', 2, 136, 13.37),
(911, '10238779', 'Attack on Titan Artbook', 10, 454, 22.37),
(912, '75231092', 'Bleach Volumen 7', 5, 143, 93.62),
(913, '93556535', 'Tokyo Revengers Edición Especial', 2, 283, 29.03),
(914, '40058039', 'Neon Genesis Evangelion Artbook', 5, 384, 27.25),
(915, '32895808', 'Violet Evergarden Novela', 6, 221, 27.85),
(916, '505443', 'Jujutsu Kaisen Volumen 5', 5, 290, 28.91),
(917, '8148581', 'One Piece: East Blue', 3, 96, 32.66),
(918, '47182073', 'My Hero Academia Volumen 3', 7, 392, 31.66),
(919, '13711135', 'Studio Ghibli Artbook', 9, 248, 82.43),
(920, '81113532', 'Chainsaw Man Volumen 1', 4, 19, 5.36),
(921, '45402235', 'Neon Genesis Evangelion Artbook', 3, 11, 37.33),
(922, '44857073', 'Re:Zero - Starting Life', 3, 145, 59.24),
(923, '83704796', 'My Hero Academia Volumen 3', 7, 196, 13.89),
(924, '2559709', 'Demon Slayer: Kimetsu no Yaiba', 1, 4, 26.77),
(925, '3308654', 'Dragon Ball Z: Saga Saiyan', 9, 19, 53.12),
(926, '7433489', 'One Piece: East Blue', 3, 257, 14.64),
(927, '72260293', 'Sword Art Online Novela 2', 3, 50, 98.88),
(928, '33079738', 'Re:Zero - Starting Life', 4, 171, 40.35),
(929, '32963318', 'Neon Genesis Evangelion Artbook', 7, 120, 98.81),
(930, '28657566', 'Chainsaw Man Volumen 1', 9, 316, 40.22),
(931, '75420255', 'Studio Ghibli Artbook', 10, 71, 13.93),
(932, '2440453', 'Bleach Volumen 7', 6, 479, 8.83),
(933, '86472116', 'Ataque a los Titanes', 2, 206, 98.41),
(934, '83528443', 'Studio Ghibli Artbook', 9, 454, 96.76),
(935, '93506008', 'Spirited Away Soundtrack CD', 1, 495, 92.20),
(936, '14932496', 'My Hero Academia Volumen 3', 5, 457, 89.21),
(937, '11072024', 'Re:Zero - Starting Life', 2, 111, 43.49),
(938, '25649156', 'One Piece: East Blue', 1, 38, 69.23),
(939, '37155926', 'Violet Evergarden Novela', 3, 243, 74.80),
(940, '98228146', 'My Hero Academia Volumen 3', 10, 485, 90.16),
(941, '77214739', 'My Hero Academia Volumen 3', 6, 453, 7.24),
(942, '63210305', 'Ataque a los Titanes', 6, 260, 63.26),
(943, '22098960', 'Studio Ghibli Artbook', 6, 463, 6.81),
(944, '37848695', 'Dragon Ball Z: Saga Saiyan', 6, 117, 67.67),
(945, '62735702', 'Re:Zero - Starting Life', 6, 185, 53.57),
(946, '13173264', 'Studio Ghibli Artbook', 7, 425, 15.79),
(947, '84597165', 'Sword Art Online Novela 2', 8, 276, 95.99),
(948, '11054794', 'Naruto Volumen 1', 6, 478, 6.52),
(949, '87210506', 'Ataque a los Titanes', 6, 150, 30.31),
(950, '24913316', 'Tokyo Revengers Edición Especial', 7, 227, 98.94),
(951, '91928135', 'Chainsaw Man Volumen 1', 7, 467, 84.22),
(952, '64293916', 'Sword Art Online Novela 2', 6, 124, 50.16),
(953, '20268437', 'Demon Slayer: Kimetsu no Yaiba', 8, 283, 72.78),
(954, '43013422', 'Sword Art Online Novela 2', 2, 481, 31.62),
(955, '33017736', 'Demon Slayer: Kimetsu no Yaiba', 3, 232, 7.60),
(956, '50273078', 'Studio Ghibli Artbook', 2, 87, 55.31),
(957, '46474927', 'One Piece: East Blue', 2, 6, 64.18),
(958, '25627847', 'One Piece: East Blue', 4, 99, 40.19),
(959, '76363082', 'Spirited Away Soundtrack CD', 9, 273, 50.06),
(960, '63939121', 'Sword Art Online Novela 2', 4, 149, 25.34),
(961, '59878605', 'Neon Genesis Evangelion Artbook', 5, 122, 33.83),
(962, '65935163', 'Spirited Away Soundtrack CD', 1, 130, 64.28),
(963, '26530809', 'Violet Evergarden Novela', 2, 234, 5.30),
(964, '89791561', 'Dragon Ball Z: Saga Saiyan', 8, 163, 55.26),
(965, '76261881', 'Ataque a los Titanes', 4, 490, 93.03),
(966, '11548102', 'Violet Evergarden Novela', 2, 12, 78.37),
(967, '51899052', 'Naruto Volumen 1', 8, 152, 52.58),
(968, '90022425', 'Ataque a los Titanes', 6, 467, 22.06),
(969, '45889291', 'Violet Evergarden Novela', 7, 252, 53.75),
(970, '52969352', 'Re:Zero - Starting Life', 6, 119, 76.41),
(971, '98975189', 'Violet Evergarden Novela', 8, 327, 56.30),
(972, '33965390', 'Jujutsu Kaisen Volumen 5', 5, 364, 18.04),
(973, '62139255', 'Demon Slayer: Kimetsu no Yaiba', 6, 249, 5.56),
(974, '12218107', 'Re:Zero - Starting Life', 8, 226, 57.71),
(975, '80435339', 'Neon Genesis Evangelion Artbook', 6, 333, 40.53),
(976, '28721613', 'Death Note Black Edition', 9, 246, 19.75),
(977, '52506597', 'Chainsaw Man Volumen 1', 5, 205, 51.80),
(978, '80771526', 'Naruto Volumen 1', 4, 395, 90.82),
(979, '29057420', 'Sword Art Online Novela 2', 3, 223, 75.76),
(980, '20641938', 'Bleach Volumen 7', 6, 455, 97.92),
(981, '64693521', 'Bleach Volumen 7', 7, 393, 31.65),
(982, '14278346', 'Naruto Volumen 1', 10, 39, 79.91),
(983, '7950978', 'Jujutsu Kaisen Volumen 5', 4, 372, 31.58),
(984, '77603850', 'Dragon Ball Z: Saga Saiyan', 2, 349, 47.36),
(985, '78239803', 'Jujutsu Kaisen Volumen 5', 9, 39, 39.46),
(986, '15796263', 'Jujutsu Kaisen Volumen 5', 1, 29, 29.01),
(987, '75984902', 'Jujutsu Kaisen Volumen 5', 7, 159, 56.46),
(988, '78582373', 'Naruto Volumen 1', 10, 350, 65.79),
(989, '58226929', 'Sword Art Online Novela 2', 6, 260, 91.15),
(990, '31073636', 'Dragon Ball Z: Saga Saiyan', 10, 168, 24.08),
(991, '92154709', 'Fullmetal Alchemist Box Set', 6, 158, 54.46),
(992, '1120734', 'Jujutsu Kaisen Volumen 5', 2, 310, 86.87),
(993, '16967541', 'Chainsaw Man Volumen 1', 2, 447, 91.62),
(994, '86355638', 'Dragon Ball Z: Saga Saiyan', 10, 233, 29.07),
(995, '93023578', 'Naruto Volumen 1', 8, 110, 26.66),
(996, '45297392', 'Bleach Volumen 7', 5, 146, 56.99),
(997, '84680178', 'Dragon Ball Z: Saga Saiyan', 7, 52, 61.50),
(998, '86482587', 'Re:Zero - Starting Life', 2, 330, 25.87),
(999, '8184959', 'Chainsaw Man Volumen 1', 5, 363, 41.92),
(1000, '93831316', 'Fullmetal Alchemist Box Set', 3, 118, 82.24);

-- --------------------------------------------------------

--
-- Estructura de tabla para la tabla `proveedor`
--

CREATE TABLE `proveedor` (
  `id` int(11) NOT NULL,
  `nit` varchar(15) NOT NULL,
  `nombre` varchar(255) NOT NULL,
  `telefono` varchar(15) NOT NULL,
  `direccion` varchar(255) NOT NULL
) ENGINE=InnoDB DEFAULT CHARSET=utf8 COLLATE=utf8_spanish_ci;

--
-- Volcado de datos para la tabla `proveedor`
--

INSERT INTO `proveedor` (`id`, `nit`, `nombre`, `telefono`, `direccion`) VALUES
(1, '3433004133', 'Kawaii Goods Co.', '+59136268464', 'Plaza de Tristán Saldaña #178, Ciudad, Bolivia'),
(2, '199058289', 'Otaku Paradise Supplies', '+59199671461', 'Vial Eloísa Busquets #211, Cuenca, Bolivia'),
(3, '1284749462', 'Studio Ghibli Partners', '+59178124364', 'Cuesta Aura Amores #934, Valladolid, Bolivia'),
(4, '5751632380', 'AnimeWorld Supplies', '+59195400271', 'Camino Rosalva Mulet #918, Segovia, Bolivia'),
(5, '8396535656', 'Kawaii Goods Co.', '+59185412007', 'Vial Manuel Pinilla #982, Ciudad, Bolivia'),
(6, '7589192192', 'Otaku Store Provisions', '+59146292042', 'Rambla de Vera Giménez #334, Cuenca, Bolivia'),
(7, '9007025157', 'AnimeWorld Supplies', '+59193848349', 'Pasadizo de Narcisa Plana #65, Pontevedra, Bolivia'),
(8, '8328835450', 'Otaku Store Provisions', '+59166872025', 'Rambla Gastón Guardia #756, Lleida, Bolivia'),
(9, '7847590673', 'Manga Central Distributors', '+59139528629', 'Alameda de Horacio Sevilla #783, Jaén, Bolivia'),
(10, '7364774846', 'Studio Ghibli Partners', '+59167559146', 'Ronda Amada Córdoba #503, Ciudad, Bolivia');

-- --------------------------------------------------------

--
-- Estructura de tabla para la tabla `usuarios`
--

CREATE TABLE `usuarios` (
  `id` int(11) NOT NULL,
  `nombre` varchar(200) NOT NULL,
  `correo` varchar(200) NOT NULL,
  `pass` varchar(50) NOT NULL,
  `rol` varchar(20) NOT NULL
) ENGINE=InnoDB DEFAULT CHARSET=utf8 COLLATE=utf8_spanish_ci;

--
-- Volcado de datos para la tabla `usuarios`
--

INSERT INTO `usuarios` (`id`, `nombre`, `correo`, `pass`, `rol`) VALUES
(1, 'Ana Lopez', 'admin@gmail.com', 'admin', 'Administrador');

-- --------------------------------------------------------

--
-- Estructura de tabla para la tabla `ventas`
--

CREATE TABLE `ventas` (
  `id` int(11) NOT NULL,
  `cliente` int(11) NOT NULL,
  `vendedor` varchar(60) NOT NULL,
  `total` decimal(10,2) NOT NULL,
  `fecha` varchar(20) NOT NULL
) ENGINE=InnoDB DEFAULT CHARSET=utf8 COLLATE=utf8_spanish_ci;

--
-- Volcado de datos para la tabla `ventas`
--

INSERT INTO `ventas` (`id`, `cliente`, `vendedor`, `total`, `fecha`) VALUES
(1, 76, 'Pedro Martínez', 185.20, '2024-08-03'),
(2, 66, 'Pedro Martínez', 406.06, '2024-05-14'),
(3, 157, 'Pedro Martínez', 495.45, '2024-09-06'),
(4, 79, 'Luis Fernández', 39.22, '2024-03-03'),
(5, 65, 'Lucía Ramírez', 280.68, '2024-11-05'),
(6, 45, 'Juan Pérez', 56.77, '2024-01-09'),
(7, 26, 'María García', 82.64, '2024-10-05'),
(8, 60, 'Pedro Martínez', 251.88, '2024-10-21'),
(9, 126, 'Marta Domínguez', 26.69, '2024-02-08'),
(10, 182, 'Marta Domínguez', 211.12, '2024-06-05'),
(11, 60, 'Lucía Ramírez', 156.16, '2024-07-23'),
(12, 69, 'María García', 275.61, '2024-04-03'),
(13, 72, 'Ana López', 343.41, '2024-10-10'),
(14, 65, 'Luis Fernández', 358.02, '2024-11-18'),
(15, 76, 'Carlos Sánchez', 144.53, '2024-06-08'),
(16, 178, 'Lucía Ramírez', 478.07, '2024-02-04'),
(17, 119, 'Juan Pérez', 443.33, '2024-06-05'),
(18, 30, 'Sofía Torres', 246.70, '2024-01-04'),
(19, 181, 'Pedro Martínez', 289.41, '2024-12-07'),
(20, 109, 'Sofía Torres', 178.18, '2024-06-28'),
(21, 77, 'Lucía Ramírez', 30.21, '2024-04-13'),
(22, 174, 'Carlos Sánchez', 325.70, '2024-10-17'),
(23, 91, 'Pedro Martínez', 430.51, '2024-07-04'),
(24, 120, 'Sofía Torres', 309.16, '2024-10-27'),
(25, 167, 'Pedro Martínez', 240.87, '2024-08-20'),
(26, 93, 'Luis Fernández', 458.71, '2024-02-24'),
(27, 46, 'Sofía Torres', 131.57, '2024-05-11'),
(28, 158, 'Lucía Ramírez', 339.38, '2024-04-14'),
(29, 194, 'Paula Morales', 226.75, '2024-02-19'),
(30, 74, 'Lucía Ramírez', 20.96, '2024-07-15'),
(31, 70, 'Ana López', 100.85, '2024-10-29'),
(32, 3, 'Juan Pérez', 256.69, '2024-04-08'),
(33, 146, 'Ana López', 418.02, '2024-03-14'),
(34, 84, 'Luis Fernández', 223.49, '2024-05-27'),
(35, 101, 'Paula Morales', 197.11, '2024-09-13'),
(36, 54, 'Ricardo Gómez', 68.60, '2024-04-12'),
(37, 154, 'Juan Pérez', 157.99, '2024-08-20'),
(38, 169, 'Pedro Martínez', 217.98, '2024-06-04'),
(39, 106, 'Marta Domínguez', 201.54, '2024-06-23'),
(40, 182, 'María García', 237.41, '2024-10-03'),
(41, 77, 'Marta Domínguez', 371.37, '2024-08-20'),
(42, 109, 'Lucía Ramírez', 413.06, '2024-11-30'),
(43, 15, 'Ana López', 331.45, '2024-12-16'),
(44, 181, 'Lucía Ramírez', 281.23, '2024-02-29'),
(45, 42, 'Pedro Martínez', 122.11, '2024-05-10'),
(46, 149, 'Paula Morales', 436.08, '2024-08-02'),
(47, 62, 'Pedro Martínez', 281.15, '2024-03-26'),
(48, 29, 'Paula Morales', 486.85, '2024-05-19'),
(49, 108, 'Ana López', 186.44, '2024-01-23'),
(50, 22, 'Marta Domínguez', 499.92, '2024-10-06'),
(51, 128, 'Pedro Martínez', 101.84, '2024-05-22'),
(52, 178, 'Carlos Sánchez', 82.63, '2024-01-15'),
(53, 159, 'Carlos Sánchez', 95.22, '2024-03-25'),
(54, 120, 'Juan Pérez', 105.64, '2024-06-01'),
(55, 89, 'Daniel Castillo', 396.52, '2024-10-12'),
(56, 146, 'Juan Pérez', 396.11, '2024-11-27'),
(57, 134, 'Luis Fernández', 73.42, '2024-03-29'),
(58, 147, 'Juan Pérez', 340.67, '2024-10-13'),
(59, 156, 'Carlos Sánchez', 454.13, '2024-12-12'),
(60, 179, 'Marta Domínguez', 139.90, '2024-01-31'),
(61, 26, 'María García', 117.87, '2024-03-27'),
(62, 105, 'Paula Morales', 320.80, '2024-05-31'),
(63, 73, 'Juan Pérez', 290.87, '2024-11-02'),
(64, 36, 'Juan Pérez', 444.31, '2024-02-28'),
(65, 145, 'Pedro Martínez', 113.78, '2024-03-20'),
(66, 132, 'Juan Pérez', 466.11, '2024-01-29'),
(67, 22, 'Sofía Torres', 383.79, '2024-06-09'),
(68, 81, 'Marta Domínguez', 152.00, '2024-04-30'),
(69, 46, 'Ana López', 263.07, '2024-08-09'),
(70, 152, 'Juan Pérez', 313.41, '2024-02-28'),
(71, 127, 'Ana López', 100.50, '2024-03-22'),
(72, 190, 'Juan Pérez', 457.88, '2024-06-04'),
(73, 120, 'María García', 491.23, '2024-09-28'),
(74, 61, 'Paula Morales', 84.37, '2024-01-18'),
(75, 148, 'Pedro Martínez', 463.47, '2024-08-08'),
(76, 178, 'Pedro Martínez', 180.24, '2024-05-06'),
(77, 98, 'María García', 415.14, '2024-09-13'),
(78, 21, 'Carlos Sánchez', 412.79, '2024-10-04'),
(79, 110, 'Ricardo Gómez', 248.36, '2024-08-19'),
(80, 102, 'Ana López', 332.17, '2024-10-25'),
(81, 98, 'Paula Morales', 398.91, '2024-02-20'),
(82, 51, 'María García', 89.11, '2024-10-16'),
(83, 78, 'Luis Fernández', 89.02, '2024-04-23'),
(84, 61, 'Luis Fernández', 349.86, '2024-06-15'),
(85, 33, 'Ricardo Gómez', 245.18, '2024-05-16'),
(86, 9, 'Daniel Castillo', 269.83, '2024-08-08'),
(87, 68, 'Daniel Castillo', 468.59, '2024-11-16'),
(88, 148, 'Daniel Castillo', 382.91, '2024-02-07'),
(89, 129, 'Pedro Martínez', 279.21, '2024-07-17'),
(90, 161, 'Ricardo Gómez', 280.92, '2024-03-01'),
(91, 180, 'Paula Morales', 146.45, '2024-11-23'),
(92, 22, 'Luis Fernández', 383.34, '2024-08-31'),
(93, 57, 'Lucía Ramírez', 394.12, '2024-10-12'),
(94, 99, 'Marta Domínguez', 239.58, '2024-05-30'),
(95, 114, 'Ana López', 274.47, '2024-09-19'),
(96, 111, 'Pedro Martínez', 159.24, '2024-01-25'),
(97, 169, 'Carlos Sánchez', 348.15, '2024-02-16'),
(98, 193, 'Carlos Sánchez', 120.16, '2024-06-09'),
(99, 97, 'Pedro Martínez', 118.26, '2024-12-26'),
(100, 130, 'Pedro Martínez', 407.36, '2024-04-19'),
(101, 86, 'Paula Morales', 87.87, '2024-11-25'),
(102, 187, 'Ricardo Gómez', 417.44, '2024-06-17'),
(103, 178, 'Carlos Sánchez', 352.56, '2024-12-01'),
(104, 18, 'Marta Domínguez', 429.69, '2024-01-11'),
(105, 16, 'Carlos Sánchez', 210.99, '2024-10-05'),
(106, 191, 'Pedro Martínez', 432.70, '2024-02-18'),
(107, 89, 'Lucía Ramírez', 337.46, '2024-07-28'),
(108, 153, 'Luis Fernández', 418.11, '2024-09-24'),
(109, 111, 'Pedro Martínez', 362.42, '2024-03-10'),
(110, 162, 'Marta Domínguez', 176.16, '2024-11-25'),
(111, 79, 'Pedro Martínez', 20.92, '2024-09-11'),
(112, 30, 'Pedro Martínez', 407.12, '2024-11-12'),
(113, 136, 'María García', 130.16, '2024-01-24'),
(114, 13, 'María García', 444.41, '2024-03-01'),
(115, 85, 'Ricardo Gómez', 331.46, '2024-04-08'),
(116, 55, 'Daniel Castillo', 288.15, '2024-01-07'),
(117, 165, 'Paula Morales', 154.94, '2024-09-11'),
(118, 173, 'Luis Fernández', 236.34, '2024-11-29'),
(119, 157, 'Luis Fernández', 99.51, '2024-10-29'),
(120, 24, 'Carlos Sánchez', 457.62, '2024-04-20'),
(121, 129, 'María García', 281.85, '2024-04-27'),
(122, 132, 'Ana López', 404.85, '2024-03-01'),
(123, 153, 'Ricardo Gómez', 363.35, '2024-02-14'),
(124, 112, 'Marta Domínguez', 304.41, '2024-06-18'),
(125, 83, 'Marta Domínguez', 453.64, '2024-02-15'),
(126, 156, 'Luis Fernández', 464.52, '2024-04-25'),
(127, 1, 'Pedro Martínez', 346.01, '2024-04-15'),
(128, 90, 'Daniel Castillo', 203.08, '2024-04-09'),
(129, 135, 'Ana López', 278.92, '2024-06-27'),
(130, 116, 'Lucía Ramírez', 193.85, '2024-12-11'),
(131, 107, 'Pedro Martínez', 224.22, '2024-02-23'),
(132, 179, 'María García', 343.48, '2024-08-05'),
(133, 51, 'Sofía Torres', 96.57, '2024-05-18'),
(134, 135, 'Ana López', 236.15, '2024-11-11'),
(135, 121, 'Luis Fernández', 104.42, '2024-09-08'),
(136, 177, 'Daniel Castillo', 106.14, '2024-06-18'),
(137, 195, 'Pedro Martínez', 294.86, '2024-11-15'),
(138, 129, 'Daniel Castillo', 400.73, '2024-11-22'),
(139, 100, 'Sofía Torres', 79.68, '2024-12-19'),
(140, 91, 'Paula Morales', 236.71, '2024-05-14'),
(141, 43, 'Luis Fernández', 193.76, '2024-06-01'),
(142, 86, 'Ana López', 237.53, '2024-06-21'),
(143, 99, 'Juan Pérez', 414.16, '2024-03-27'),
(144, 151, 'Sofía Torres', 248.12, '2024-09-27'),
(145, 2, 'Ricardo Gómez', 222.46, '2024-09-01'),
(146, 176, 'Daniel Castillo', 272.92, '2024-10-24'),
(147, 96, 'Juan Pérez', 144.33, '2024-01-01'),
(148, 16, 'Ana López', 438.39, '2024-08-14'),
(149, 67, 'Ricardo Gómez', 47.76, '2024-07-04'),
(150, 129, 'Paula Morales', 126.95, '2024-12-07'),
(151, 9, 'Ana López', 353.76, '2024-06-15'),
(152, 165, 'Ana López', 176.30, '2024-10-18'),
(153, 2, 'María García', 194.83, '2024-02-04'),
(154, 82, 'Juan Pérez', 178.40, '2024-06-20'),
(155, 167, 'Ana López', 327.62, '2024-11-15'),
(156, 100, 'Marta Domínguez', 209.04, '2024-01-17'),
(157, 11, 'Carlos Sánchez', 26.69, '2024-11-03'),
(158, 96, 'Carlos Sánchez', 347.40, '2024-09-21'),
(159, 168, 'Paula Morales', 440.28, '2024-03-24'),
(160, 69, 'Lucía Ramírez', 451.68, '2024-09-21'),
(161, 151, 'Marta Domínguez', 116.13, '2024-12-26'),
(162, 47, 'Carlos Sánchez', 265.30, '2024-07-20'),
(163, 190, 'Marta Domínguez', 308.05, '2024-12-27'),
(164, 141, 'Carlos Sánchez', 496.59, '2024-12-29'),
(165, 49, 'Juan Pérez', 418.48, '2024-02-22'),
(166, 102, 'Pedro Martínez', 146.79, '2024-05-02'),
(167, 29, 'Sofía Torres', 335.70, '2024-05-19'),
(168, 151, 'Ana López', 384.10, '2024-03-27'),
(169, 162, 'Pedro Martínez', 329.15, '2024-05-24'),
(170, 14, 'Carlos Sánchez', 38.57, '2024-01-21'),
(171, 76, 'Pedro Martínez', 273.16, '2024-12-05'),
(172, 27, 'Marta Domínguez', 315.76, '2024-06-12'),
(173, 35, 'Lucía Ramírez', 492.42, '2024-09-08'),
(174, 141, 'Ana López', 255.02, '2024-09-01'),
(175, 61, 'Pedro Martínez', 315.74, '2024-04-01'),
(176, 4, 'Ricardo Gómez', 214.36, '2024-10-13'),
(177, 152, 'Daniel Castillo', 49.93, '2024-10-03'),
(178, 126, 'Daniel Castillo', 75.43, '2024-02-23'),
(179, 110, 'Luis Fernández', 375.52, '2024-08-12'),
(180, 174, 'María García', 195.94, '2024-11-02'),
(181, 104, 'Ricardo Gómez', 127.44, '2024-12-20'),
(182, 104, 'Pedro Martínez', 446.47, '2024-08-27'),
(183, 138, 'Marta Domínguez', 437.82, '2024-02-07'),
(184, 58, 'Ana López', 189.91, '2024-02-23'),
(185, 25, 'Ricardo Gómez', 80.84, '2024-01-11'),
(186, 58, 'Pedro Martínez', 203.82, '2024-01-10'),
(187, 99, 'Ana López', 65.96, '2024-05-31'),
(188, 162, 'Paula Morales', 288.31, '2024-08-03'),
(189, 87, 'Sofía Torres', 291.69, '2024-01-09'),
(190, 194, 'Juan Pérez', 240.15, '2024-07-31'),
(191, 118, 'Paula Morales', 306.96, '2024-12-04'),
(192, 41, 'Ricardo Gómez', 238.35, '2024-02-12'),
(193, 181, 'Luis Fernández', 465.76, '2024-03-24'),
(194, 166, 'Ana López', 54.95, '2024-02-11'),
(195, 63, 'Lucía Ramírez', 83.90, '2024-03-24'),
(196, 131, 'Lucía Ramírez', 190.81, '2024-08-17'),
(197, 184, 'Sofía Torres', 464.30, '2024-10-22'),
(198, 28, 'Daniel Castillo', 151.13, '2024-09-13'),
(199, 11, 'Sofía Torres', 399.44, '2024-11-16'),
(200, 92, 'Luis Fernández', 441.55, '2024-01-03'),
(201, 21, 'Pedro Martínez', 38.38, '2024-02-03'),
(202, 111, 'Juan Pérez', 455.21, '2024-12-25'),
(203, 53, 'Pedro Martínez', 74.83, '2024-02-08'),
(204, 160, 'Luis Fernández', 490.69, '2024-02-08'),
(205, 157, 'Marta Domínguez', 317.07, '2024-08-07'),
(206, 99, 'Pedro Martínez', 493.92, '2024-09-08'),
(207, 155, 'Ricardo Gómez', 362.05, '2024-12-03'),
(208, 160, 'Ricardo Gómez', 100.43, '2024-10-07'),
(209, 76, 'Marta Domínguez', 389.01, '2024-12-04'),
(210, 13, 'Luis Fernández', 445.59, '2024-10-10'),
(211, 196, 'Juan Pérez', 169.35, '2024-07-22'),
(212, 106, 'Carlos Sánchez', 322.12, '2024-06-18'),
(213, 130, 'Ana López', 119.76, '2024-07-13'),
(214, 38, 'Ana López', 103.47, '2024-03-02'),
(215, 106, 'Sofía Torres', 26.80, '2024-11-01'),
(216, 78, 'Sofía Torres', 88.24, '2024-11-13'),
(217, 86, 'Juan Pérez', 178.44, '2024-09-23'),
(218, 51, 'Pedro Martínez', 64.60, '2024-11-20'),
(219, 184, 'Juan Pérez', 350.29, '2024-06-21'),
(220, 93, 'Juan Pérez', 282.89, '2024-01-19'),
(221, 67, 'Ana López', 373.90, '2024-07-27'),
(222, 8, 'Luis Fernández', 269.90, '2024-10-19'),
(223, 54, 'María García', 90.14, '2024-03-14'),
(224, 1, 'Paula Morales', 173.36, '2024-06-01'),
(225, 137, 'Paula Morales', 198.87, '2024-07-03'),
(226, 17, 'Juan Pérez', 430.06, '2024-06-18'),
(227, 69, 'Ricardo Gómez', 251.26, '2024-05-09'),
(228, 106, 'Carlos Sánchez', 203.90, '2024-04-03'),
(229, 161, 'Pedro Martínez', 295.99, '2024-02-10'),
(230, 111, 'Lucía Ramírez', 249.87, '2024-02-27'),
(231, 15, 'Lucía Ramírez', 207.00, '2024-05-21'),
(232, 88, 'Luis Fernández', 486.85, '2024-03-02'),
(233, 102, 'María García', 432.69, '2024-10-06'),
(234, 108, 'Carlos Sánchez', 357.26, '2024-02-26'),
(235, 81, 'Luis Fernández', 125.54, '2024-11-04'),
(236, 64, 'Juan Pérez', 149.23, '2024-07-08'),
(237, 200, 'Pedro Martínez', 79.51, '2024-06-08'),
(238, 67, 'Daniel Castillo', 480.82, '2024-07-04'),
(239, 108, 'Ana López', 320.13, '2024-02-16'),
(240, 153, 'Carlos Sánchez', 116.85, '2024-07-05'),
(241, 77, 'Sofía Torres', 85.38, '2024-07-28'),
(242, 185, 'Luis Fernández', 404.01, '2024-03-19'),
(243, 145, 'Marta Domínguez', 252.48, '2024-10-15'),
(244, 171, 'Ricardo Gómez', 89.34, '2024-08-27'),
(245, 102, 'María García', 306.19, '2024-09-12'),
(246, 3, 'Juan Pérez', 387.27, '2024-11-20'),
(247, 37, 'Ricardo Gómez', 203.98, '2024-02-01'),
(248, 72, 'Ana López', 37.23, '2024-09-13'),
(249, 98, 'Sofía Torres', 476.85, '2024-10-03'),
(250, 14, 'Juan Pérez', 452.21, '2024-04-17'),
(251, 191, 'Carlos Sánchez', 23.14, '2024-10-27'),
(252, 18, 'Sofía Torres', 307.41, '2024-09-06'),
(253, 6, 'Ricardo Gómez', 196.34, '2024-10-10'),
(254, 14, 'Ana López', 489.89, '2024-03-03'),
(255, 85, 'Carlos Sánchez', 22.11, '2024-04-20'),
(256, 78, 'Carlos Sánchez', 210.39, '2024-03-19'),
(257, 44, 'Daniel Castillo', 241.94, '2024-09-27'),
(258, 91, 'Sofía Torres', 189.94, '2024-04-15'),
(259, 51, 'Luis Fernández', 250.14, '2024-05-18'),
(260, 172, 'Daniel Castillo', 99.31, '2024-09-30'),
(261, 123, 'Juan Pérez', 499.91, '2024-01-27'),
(262, 130, 'Paula Morales', 119.74, '2024-08-19'),
(263, 149, 'Daniel Castillo', 130.16, '2024-09-08'),
(264, 80, 'Juan Pérez', 338.35, '2024-05-07'),
(265, 70, 'María García', 259.20, '2024-01-24'),
(266, 96, 'Ricardo Gómez', 153.27, '2024-09-16'),
(267, 183, 'Luis Fernández', 29.19, '2024-01-30'),
(268, 135, 'Juan Pérez', 21.92, '2024-04-15'),
(269, 38, 'Sofía Torres', 415.40, '2024-03-19'),
(270, 88, 'Pedro Martínez', 186.05, '2024-07-23'),
(271, 108, 'Carlos Sánchez', 435.72, '2024-08-06'),
(272, 182, 'Lucía Ramírez', 457.98, '2024-03-18'),
(273, 110, 'Pedro Martínez', 288.03, '2024-02-16'),
(274, 157, 'Ricardo Gómez', 76.72, '2024-12-22'),
(275, 194, 'Luis Fernández', 460.79, '2024-09-10'),
(276, 175, 'Sofía Torres', 462.20, '2024-06-17'),
(277, 115, 'Juan Pérez', 265.16, '2024-08-13'),
(278, 102, 'Marta Domínguez', 479.44, '2024-01-21'),
(279, 153, 'Lucía Ramírez', 357.58, '2024-03-26'),
(280, 4, 'Ricardo Gómez', 107.16, '2024-01-15'),
(281, 89, 'Marta Domínguez', 177.80, '2024-10-25'),
(282, 108, 'Carlos Sánchez', 455.76, '2024-07-19'),
(283, 106, 'Marta Domínguez', 492.39, '2024-05-07'),
(284, 117, 'Sofía Torres', 445.73, '2024-09-24'),
(285, 31, 'Lucía Ramírez', 124.20, '2024-10-24'),
(286, 128, 'Pedro Martínez', 97.93, '2024-02-15'),
(287, 47, 'Sofía Torres', 32.19, '2024-04-30'),
(288, 94, 'Paula Morales', 217.49, '2024-01-28'),
(289, 106, 'Pedro Martínez', 122.46, '2024-12-21'),
(290, 171, 'Daniel Castillo', 499.94, '2024-10-11'),
(291, 136, 'Carlos Sánchez', 129.95, '2024-10-01'),
(292, 99, 'Daniel Castillo', 291.39, '2024-05-14'),
(293, 119, 'Pedro Martínez', 278.59, '2024-12-02'),
(294, 124, 'Pedro Martínez', 56.79, '2024-11-08'),
(295, 62, 'Ricardo Gómez', 442.08, '2024-10-03'),
(296, 43, 'Juan Pérez', 229.68, '2024-11-27'),
(297, 46, 'Juan Pérez', 63.59, '2024-10-09'),
(298, 21, 'Carlos Sánchez', 416.98, '2024-06-29'),
(299, 4, 'María García', 294.37, '2024-09-28'),
(300, 66, 'Pedro Martínez', 440.23, '2024-11-13'),
(301, 150, 'Luis Fernández', 315.70, '2024-07-16'),
(302, 151, 'María García', 315.06, '2024-04-25'),
(303, 51, 'Juan Pérez', 145.61, '2024-03-28'),
(304, 40, 'Juan Pérez', 121.18, '2024-06-23'),
(305, 48, 'Daniel Castillo', 359.06, '2024-03-14'),
(306, 23, 'Paula Morales', 99.75, '2024-01-18'),
(307, 5, 'Pedro Martínez', 482.73, '2024-12-26'),
(308, 125, 'Ana López', 452.98, '2024-02-20'),
(309, 196, 'María García', 262.88, '2024-12-25'),
(310, 170, 'Marta Domínguez', 182.54, '2024-09-10'),
(311, 30, 'Lucía Ramírez', 426.71, '2024-05-17'),
(312, 100, 'Marta Domínguez', 42.68, '2024-09-27'),
(313, 5, 'Marta Domínguez', 334.24, '2024-04-26'),
(314, 105, 'Luis Fernández', 461.39, '2024-01-04'),
(315, 140, 'Paula Morales', 448.89, '2024-05-20'),
(316, 83, 'Juan Pérez', 300.38, '2024-02-29'),
(317, 89, 'Ricardo Gómez', 402.25, '2024-06-25'),
(318, 196, 'Luis Fernández', 408.45, '2024-09-22'),
(319, 61, 'Luis Fernández', 164.84, '2024-07-18'),
(320, 62, 'Carlos Sánchez', 306.13, '2024-10-28'),
(321, 96, 'Paula Morales', 133.78, '2024-11-01'),
(322, 48, 'Marta Domínguez', 72.24, '2024-10-09'),
(323, 56, 'Carlos Sánchez', 273.44, '2024-01-08'),
(324, 7, 'Ana López', 100.74, '2024-09-11'),
(325, 125, 'Marta Domínguez', 309.89, '2024-08-09'),
(326, 69, 'María García', 175.51, '2024-02-01'),
(327, 50, 'Marta Domínguez', 42.10, '2024-12-26'),
(328, 36, 'Daniel Castillo', 156.30, '2024-09-26'),
(329, 142, 'Juan Pérez', 346.36, '2024-02-28'),
(330, 189, 'Carlos Sánchez', 391.62, '2024-04-13'),
(331, 199, 'Lucía Ramírez', 48.24, '2024-07-13'),
(332, 167, 'Marta Domínguez', 262.03, '2024-03-22'),
(333, 59, 'Luis Fernández', 428.17, '2024-09-09'),
(334, 107, 'Juan Pérez', 111.42, '2024-01-22'),
(335, 41, 'Lucía Ramírez', 199.60, '2024-06-05'),
(336, 188, 'Lucía Ramírez', 441.23, '2024-04-29'),
(337, 36, 'Pedro Martínez', 152.97, '2024-09-09'),
(338, 171, 'Daniel Castillo', 307.10, '2024-07-05'),
(339, 118, 'Ana López', 236.61, '2024-07-29'),
(340, 133, 'Lucía Ramírez', 326.71, '2024-03-31'),
(341, 22, 'Ana López', 404.63, '2024-07-16'),
(342, 179, 'Marta Domínguez', 154.59, '2024-04-26'),
(343, 64, 'Daniel Castillo', 279.20, '2024-04-20'),
(344, 160, 'Lucía Ramírez', 456.04, '2024-03-08'),
(345, 8, 'Juan Pérez', 430.05, '2024-02-10'),
(346, 185, 'Juan Pérez', 321.78, '2024-05-28'),
(347, 189, 'Marta Domínguez', 445.18, '2024-04-26'),
(348, 148, 'Daniel Castillo', 426.61, '2024-07-22'),
(349, 122, 'Ana López', 40.82, '2024-05-20'),
(350, 186, 'Ana López', 427.84, '2024-10-27'),
(351, 42, 'Sofía Torres', 53.98, '2024-04-17'),
(352, 76, 'Juan Pérez', 389.61, '2024-04-27'),
(353, 179, 'Daniel Castillo', 346.27, '2024-08-14'),
(354, 199, 'María García', 478.88, '2024-06-28'),
(355, 121, 'Luis Fernández', 444.32, '2024-11-16'),
(356, 63, 'Marta Domínguez', 163.53, '2024-03-31'),
(357, 177, 'Ana López', 488.90, '2024-01-12'),
(358, 113, 'Lucía Ramírez', 235.04, '2024-12-12'),
(359, 59, 'Ana López', 27.68, '2024-01-04'),
(360, 93, 'Marta Domínguez', 319.68, '2024-10-26'),
(361, 29, 'Sofía Torres', 379.25, '2024-09-07'),
(362, 59, 'Sofía Torres', 396.06, '2024-02-27'),
(363, 174, 'Daniel Castillo', 21.31, '2024-04-23'),
(364, 52, 'Juan Pérez', 142.83, '2024-11-04'),
(365, 123, 'Ricardo Gómez', 348.57, '2024-07-11'),
(366, 119, 'Paula Morales', 38.29, '2024-07-12'),
(367, 27, 'Pedro Martínez', 486.07, '2024-02-21'),
(368, 92, 'Sofía Torres', 227.22, '2024-05-10'),
(369, 14, 'Ana López', 185.28, '2024-11-26'),
(370, 97, 'Sofía Torres', 356.10, '2024-08-31'),
(371, 91, 'Luis Fernández', 284.69, '2024-09-20'),
(372, 143, 'Carlos Sánchez', 220.39, '2024-08-20'),
(373, 36, 'Sofía Torres', 279.20, '2024-08-17'),
(374, 120, 'Sofía Torres', 297.32, '2024-03-02'),
(375, 30, 'Marta Domínguez', 92.03, '2024-04-29'),
(376, 146, 'María García', 55.32, '2024-10-25'),
(377, 95, 'Marta Domínguez', 463.67, '2024-08-26'),
(378, 151, 'Luis Fernández', 175.43, '2024-08-26'),
(379, 179, 'Sofía Torres', 494.54, '2024-06-05'),
(380, 78, 'Carlos Sánchez', 331.34, '2024-07-09'),
(381, 81, 'Lucía Ramírez', 398.46, '2024-11-13'),
(382, 60, 'Luis Fernández', 115.74, '2024-11-03'),
(383, 137, 'Ana López', 34.85, '2024-03-26'),
(384, 116, 'Carlos Sánchez', 276.78, '2024-03-04'),
(385, 177, 'Juan Pérez', 201.91, '2024-01-13'),
(386, 157, 'Ricardo Gómez', 50.23, '2024-08-03'),
(387, 93, 'Lucía Ramírez', 278.78, '2024-04-02'),
(388, 134, 'Pedro Martínez', 375.72, '2024-07-15'),
(389, 79, 'Luis Fernández', 237.69, '2024-09-02'),
(390, 102, 'Pedro Martínez', 246.75, '2024-09-12'),
(391, 177, 'Luis Fernández', 494.63, '2024-09-26'),
(392, 119, 'Luis Fernández', 456.55, '2024-10-13'),
(393, 125, 'Luis Fernández', 217.50, '2024-05-01'),
(394, 102, 'Lucía Ramírez', 274.92, '2024-01-20'),
(395, 199, 'Paula Morales', 339.05, '2024-04-25'),
(396, 143, 'Carlos Sánchez', 158.98, '2024-09-01'),
(397, 180, 'Ricardo Gómez', 346.26, '2024-06-27'),
(398, 120, 'María García', 100.46, '2024-07-13'),
(399, 193, 'Daniel Castillo', 255.87, '2024-03-06'),
(400, 15, 'Ricardo Gómez', 101.41, '2024-05-28'),
(401, 22, 'Ana López', 154.19, '2024-04-23'),
(402, 82, 'Lucía Ramírez', 262.09, '2024-05-17'),
(403, 76, 'Luis Fernández', 431.62, '2024-12-10'),
(404, 23, 'María García', 496.80, '2024-10-31'),
(405, 113, 'Carlos Sánchez', 475.02, '2024-04-15'),
(406, 10, 'Paula Morales', 325.91, '2024-12-29'),
(407, 106, 'Ana López', 195.09, '2024-04-03'),
(408, 25, 'Luis Fernández', 177.63, '2024-11-16'),
(409, 118, 'Juan Pérez', 135.56, '2024-10-28'),
(410, 106, 'Paula Morales', 301.62, '2024-06-18'),
(411, 91, 'Lucía Ramírez', 268.73, '2024-12-02'),
(412, 154, 'Ricardo Gómez', 276.45, '2024-07-29'),
(413, 15, 'María García', 223.47, '2024-06-10'),
(414, 150, 'Ana López', 92.30, '2024-10-27'),
(415, 92, 'Lucía Ramírez', 402.68, '2024-08-04'),
(416, 165, 'Marta Domínguez', 232.19, '2024-11-25'),
(417, 73, 'Luis Fernández', 138.49, '2024-11-25'),
(418, 84, 'Juan Pérez', 97.62, '2024-07-16'),
(419, 169, 'Carlos Sánchez', 234.61, '2024-10-30'),
(420, 20, 'Lucía Ramírez', 334.02, '2024-11-25'),
(421, 58, 'Luis Fernández', 305.20, '2024-09-20'),
(422, 30, 'Juan Pérez', 88.54, '2024-08-28'),
(423, 19, 'Ana López', 73.48, '2024-04-02'),
(424, 90, 'Juan Pérez', 91.43, '2024-03-03'),
(425, 92, 'Ana López', 359.47, '2024-12-23'),
(426, 166, 'Lucía Ramírez', 47.06, '2024-05-22'),
(427, 149, 'Juan Pérez', 168.19, '2024-01-28'),
(428, 128, 'Pedro Martínez', 354.83, '2024-01-03'),
(429, 159, 'Paula Morales', 80.18, '2024-06-05'),
(430, 22, 'Luis Fernández', 206.11, '2024-11-23'),
(431, 86, 'Luis Fernández', 242.52, '2024-04-05'),
(432, 191, 'Carlos Sánchez', 149.93, '2024-07-18'),
(433, 197, 'Marta Domínguez', 296.90, '2024-09-18'),
(434, 163, 'Juan Pérez', 335.44, '2024-03-18'),
(435, 47, 'Lucía Ramírez', 184.47, '2024-12-08'),
(436, 4, 'Lucía Ramírez', 393.25, '2024-06-12'),
(437, 21, 'Paula Morales', 159.49, '2024-06-08'),
(438, 127, 'Pedro Martínez', 250.16, '2024-11-22'),
(439, 132, 'Lucía Ramírez', 78.22, '2024-07-17'),
(440, 152, 'Juan Pérez', 85.23, '2024-08-07'),
(441, 1, 'Paula Morales', 47.12, '2024-02-29'),
(442, 57, 'Daniel Castillo', 113.82, '2024-12-16'),
(443, 102, 'Carlos Sánchez', 342.16, '2024-10-09'),
(444, 42, 'Ana López', 310.17, '2024-08-26'),
(445, 12, 'Sofía Torres', 282.61, '2024-09-26'),
(446, 79, 'Paula Morales', 70.90, '2024-11-04'),
(447, 100, 'Sofía Torres', 189.49, '2024-08-15'),
(448, 63, 'Carlos Sánchez', 309.06, '2024-07-02'),
(449, 120, 'María García', 426.33, '2024-08-14'),
(450, 18, 'Ana López', 417.00, '2024-02-26'),
(451, 146, 'María García', 101.36, '2024-02-14'),
(452, 62, 'Ricardo Gómez', 364.70, '2024-07-10'),
(453, 66, 'Juan Pérez', 310.60, '2024-04-02'),
(454, 150, 'Daniel Castillo', 499.88, '2024-09-07'),
(455, 194, 'Pedro Martínez', 154.81, '2024-04-21'),
(456, 127, 'Carlos Sánchez', 123.27, '2024-12-26'),
(457, 197, 'Marta Domínguez', 446.81, '2024-04-18'),
(458, 96, 'Sofía Torres', 418.66, '2024-12-07'),
(459, 35, 'Paula Morales', 114.91, '2024-10-09'),
(460, 30, 'Luis Fernández', 220.85, '2024-06-15'),
(461, 80, 'Daniel Castillo', 456.90, '2024-10-27'),
(462, 97, 'Paula Morales', 318.40, '2024-04-08'),
(463, 162, 'Marta Domínguez', 473.77, '2024-03-29'),
(464, 93, 'Marta Domínguez', 352.80, '2024-02-01'),
(465, 135, 'María García', 218.85, '2024-08-17'),
(466, 200, 'Ana López', 492.42, '2024-01-03'),
(467, 23, 'Luis Fernández', 429.44, '2024-05-22'),
(468, 30, 'Lucía Ramírez', 184.22, '2024-09-12'),
(469, 174, 'Marta Domínguez', 466.71, '2024-11-29'),
(470, 169, 'Ricardo Gómez', 355.92, '2024-10-24'),
(471, 94, 'Lucía Ramírez', 470.83, '2024-07-22'),
(472, 40, 'Ricardo Gómez', 439.07, '2024-02-13'),
(473, 134, 'Ana López', 320.50, '2024-12-29'),
(474, 84, 'María García', 210.65, '2024-02-04'),
(475, 174, 'Paula Morales', 481.18, '2024-01-30'),
(476, 68, 'Daniel Castillo', 269.59, '2024-01-11'),
(477, 69, 'Pedro Martínez', 34.37, '2024-09-21'),
(478, 165, 'María García', 321.87, '2024-08-28'),
(479, 27, 'María García', 491.29, '2024-08-08'),
(480, 108, 'Daniel Castillo', 252.05, '2024-07-05'),
(481, 110, 'Pedro Martínez', 450.14, '2024-05-05'),
(482, 12, 'Lucía Ramírez', 319.52, '2024-01-14'),
(483, 88, 'Lucía Ramírez', 87.78, '2024-02-01'),
(484, 174, 'Sofía Torres', 185.04, '2024-06-01'),
(485, 191, 'Juan Pérez', 320.94, '2024-02-16'),
(486, 12, 'Paula Morales', 409.05, '2024-01-25'),
(487, 143, 'Luis Fernández', 458.01, '2024-11-06'),
(488, 71, 'Paula Morales', 209.25, '2024-09-01'),
(489, 162, 'Carlos Sánchez', 201.68, '2024-05-15'),
(490, 188, 'Lucía Ramírez', 62.67, '2024-08-27'),
(491, 105, 'Paula Morales', 253.49, '2024-07-04'),
(492, 47, 'Ricardo Gómez', 428.73, '2024-04-09'),
(493, 164, 'Marta Domínguez', 310.57, '2024-12-19'),
(494, 198, 'Lucía Ramírez', 411.86, '2024-09-04'),
(495, 161, 'Luis Fernández', 148.54, '2024-11-19'),
(496, 106, 'Paula Morales', 276.72, '2024-03-16'),
(497, 54, 'Juan Pérez', 168.23, '2024-01-24'),
(498, 131, 'Marta Domínguez', 56.21, '2024-12-03'),
(499, 11, 'Lucía Ramírez', 162.76, '2024-11-18'),
(500, 38, 'Sofía Torres', 39.26, '2024-10-07'),
(501, 174, 'Juan Pérez', 190.55, '2024-10-11'),
(502, 106, 'Marta Domínguez', 42.70, '2024-10-12'),
(503, 117, 'Daniel Castillo', 378.22, '2024-04-11'),
(504, 56, 'Luis Fernández', 293.53, '2024-07-16'),
(505, 113, 'Ricardo Gómez', 87.30, '2024-11-21'),
(506, 55, 'Ana López', 230.97, '2024-05-15'),
(507, 78, 'Marta Domínguez', 315.30, '2024-04-06'),
(508, 128, 'Paula Morales', 382.69, '2024-08-02'),
(509, 160, 'Luis Fernández', 412.17, '2024-10-03'),
(510, 19, 'Daniel Castillo', 163.42, '2024-12-18'),
(511, 176, 'Paula Morales', 362.31, '2024-10-30'),
(512, 72, 'Sofía Torres', 43.01, '2024-06-25'),
(513, 101, 'Luis Fernández', 82.62, '2024-11-05'),
(514, 141, 'Sofía Torres', 367.12, '2024-05-13'),
(515, 80, 'Lucía Ramírez', 382.16, '2024-07-31'),
(516, 17, 'Ricardo Gómez', 162.99, '2024-11-29'),
(517, 67, 'Paula Morales', 400.48, '2024-03-24'),
(518, 146, 'Carlos Sánchez', 204.33, '2024-02-10'),
(519, 26, 'Ana López', 380.53, '2024-12-10'),
(520, 11, 'Lucía Ramírez', 317.26, '2024-03-05'),
(521, 107, 'Sofía Torres', 136.47, '2024-02-05'),
(522, 24, 'Lucía Ramírez', 234.75, '2024-11-01'),
(523, 193, 'Marta Domínguez', 200.67, '2024-04-18'),
(524, 61, 'Marta Domínguez', 202.36, '2024-12-16'),
(525, 134, 'Pedro Martínez', 440.96, '2024-11-19'),
(526, 145, 'Luis Fernández', 443.34, '2024-03-08'),
(527, 7, 'Ricardo Gómez', 33.65, '2024-04-23'),
(528, 13, 'Ricardo Gómez', 129.96, '2024-10-30'),
(529, 56, 'María García', 260.03, '2024-10-09'),
(530, 141, 'Sofía Torres', 353.66, '2024-04-02'),
(531, 189, 'Sofía Torres', 166.23, '2024-02-20'),
(532, 66, 'Pedro Martínez', 202.17, '2024-05-30'),
(533, 138, 'Ricardo Gómez', 295.55, '2024-01-11'),
(534, 60, 'Daniel Castillo', 385.60, '2024-01-06'),
(535, 94, 'Pedro Martínez', 230.77, '2024-05-11'),
(536, 200, 'Daniel Castillo', 348.60, '2024-08-12'),
(537, 184, 'Pedro Martínez', 186.67, '2024-09-29'),
(538, 135, 'Paula Morales', 355.49, '2024-06-20'),
(539, 65, 'Luis Fernández', 371.91, '2024-02-13'),
(540, 187, 'Daniel Castillo', 490.30, '2024-08-12'),
(541, 111, 'Sofía Torres', 371.90, '2024-07-03'),
(542, 191, 'Pedro Martínez', 298.45, '2024-08-24'),
(543, 39, 'María García', 34.30, '2024-01-07'),
(544, 157, 'Marta Domínguez', 216.30, '2024-07-05'),
(545, 80, 'Ricardo Gómez', 303.77, '2024-04-22'),
(546, 144, 'Juan Pérez', 227.73, '2024-05-12'),
(547, 30, 'Carlos Sánchez', 338.72, '2024-04-17'),
(548, 157, 'Daniel Castillo', 145.34, '2024-07-05'),
(549, 57, 'Sofía Torres', 397.66, '2024-02-17'),
(550, 191, 'Paula Morales', 194.60, '2024-12-16'),
(551, 145, 'Pedro Martínez', 396.19, '2024-09-25'),
(552, 105, 'Juan Pérez', 341.53, '2024-04-08'),
(553, 180, 'Carlos Sánchez', 278.16, '2024-01-30'),
(554, 9, 'Ricardo Gómez', 186.87, '2024-11-25'),
(555, 164, 'Daniel Castillo', 214.66, '2024-08-01'),
(556, 110, 'Ricardo Gómez', 141.30, '2024-12-15'),
(557, 195, 'Paula Morales', 139.87, '2024-06-25'),
(558, 74, 'Ana López', 293.32, '2024-10-22'),
(559, 163, 'Ana López', 24.16, '2024-04-17'),
(560, 116, 'Ana López', 53.48, '2024-05-12'),
(561, 37, 'Carlos Sánchez', 294.42, '2024-05-07'),
(562, 194, 'Pedro Martínez', 401.92, '2024-03-23'),
(563, 34, 'Marta Domínguez', 133.84, '2024-03-03'),
(564, 162, 'Marta Domínguez', 243.94, '2024-07-11'),
(565, 194, 'Sofía Torres', 133.77, '2024-11-21'),
(566, 165, 'Pedro Martínez', 65.42, '2024-11-12'),
(567, 65, 'Daniel Castillo', 328.07, '2024-05-15'),
(568, 85, 'Daniel Castillo', 231.90, '2024-05-28'),
(569, 144, 'Luis Fernández', 100.70, '2024-01-12'),
(570, 192, 'Paula Morales', 189.99, '2024-04-16'),
(571, 140, 'Sofía Torres', 482.47, '2024-02-16'),
(572, 75, 'Marta Domínguez', 236.39, '2024-09-27'),
(573, 84, 'María García', 150.18, '2024-06-06'),
(574, 138, 'Sofía Torres', 325.25, '2024-08-02'),
(575, 72, 'Juan Pérez', 399.87, '2024-01-05'),
(576, 16, 'Ana López', 158.05, '2024-06-25'),
(577, 7, 'Marta Domínguez', 484.11, '2024-08-19'),
(578, 39, 'Carlos Sánchez', 100.12, '2024-09-08'),
(579, 175, 'Paula Morales', 26.52, '2024-03-18'),
(580, 123, 'Luis Fernández', 97.16, '2024-08-20'),
(581, 187, 'Ricardo Gómez', 430.73, '2024-12-20'),
(582, 188, 'Marta Domínguez', 379.95, '2024-08-24'),
(583, 37, 'Marta Domínguez', 270.21, '2024-05-28'),
(584, 10, 'Sofía Torres', 371.07, '2024-06-02'),
(585, 60, 'Carlos Sánchez', 221.54, '2024-09-10'),
(586, 14, 'Daniel Castillo', 317.36, '2024-09-22'),
(587, 125, 'Juan Pérez', 167.62, '2024-09-29'),
(588, 102, 'Paula Morales', 110.52, '2024-10-09'),
(589, 124, 'Pedro Martínez', 464.16, '2024-01-11'),
(590, 44, 'Luis Fernández', 315.77, '2024-05-10'),
(591, 84, 'Paula Morales', 29.36, '2024-01-07'),
(592, 42, 'Ricardo Gómez', 484.54, '2024-04-02'),
(593, 27, 'Carlos Sánchez', 263.33, '2024-01-22'),
(594, 62, 'Daniel Castillo', 432.30, '2024-05-30'),
(595, 80, 'Ana López', 472.48, '2024-06-16'),
(596, 8, 'Paula Morales', 324.43, '2024-05-08'),
(597, 143, 'Lucía Ramírez', 218.48, '2024-04-29'),
(598, 34, 'Ana López', 197.03, '2024-05-16'),
(599, 101, 'Marta Domínguez', 75.16, '2024-02-17'),
(600, 21, 'Lucía Ramírez', 373.97, '2024-12-21'),
(601, 20, 'Sofía Torres', 201.29, '2024-12-21'),
(602, 94, 'Sofía Torres', 162.21, '2024-08-31'),
(603, 199, 'Ana López', 433.47, '2024-11-02'),
(604, 80, 'Marta Domínguez', 198.60, '2024-11-12'),
(605, 94, 'Lucía Ramírez', 69.31, '2024-04-13'),
(606, 155, 'Sofía Torres', 128.59, '2024-05-30'),
(607, 91, 'Carlos Sánchez', 353.49, '2024-10-13'),
(608, 14, 'Juan Pérez', 422.05, '2024-09-28'),
(609, 186, 'Luis Fernández', 202.46, '2024-07-01'),
(610, 174, 'Marta Domínguez', 119.71, '2024-09-08'),
(611, 152, 'Ricardo Gómez', 148.29, '2024-08-28'),
(612, 54, 'María García', 21.74, '2024-04-24'),
(613, 26, 'Ricardo Gómez', 358.15, '2024-06-08'),
(614, 15, 'Sofía Torres', 262.41, '2024-12-01'),
(615, 79, 'Daniel Castillo', 67.27, '2024-10-21'),
(616, 197, 'Daniel Castillo', 446.27, '2024-03-06'),
(617, 132, 'Juan Pérez', 183.98, '2024-09-06'),
(618, 182, 'Luis Fernández', 463.02, '2024-06-27'),
(619, 159, 'Ricardo Gómez', 368.51, '2024-08-10'),
(620, 151, 'Lucía Ramírez', 185.38, '2024-09-28'),
(621, 134, 'Paula Morales', 370.45, '2024-08-06'),
(622, 167, 'Luis Fernández', 291.69, '2024-11-03'),
(623, 139, 'Sofía Torres', 297.96, '2024-08-28'),
(624, 91, 'María García', 419.75, '2024-05-16'),
(625, 66, 'Lucía Ramírez', 63.24, '2024-05-15'),
(626, 42, 'Juan Pérez', 33.68, '2024-05-29'),
(627, 56, 'Juan Pérez', 336.18, '2024-12-21'),
(628, 198, 'Sofía Torres', 205.28, '2024-02-05'),
(629, 122, 'Paula Morales', 168.08, '2024-02-07'),
(630, 134, 'Daniel Castillo', 159.82, '2024-04-08'),
(631, 79, 'Marta Domínguez', 472.73, '2024-03-12'),
(632, 116, 'Daniel Castillo', 361.77, '2024-10-05'),
(633, 106, 'Lucía Ramírez', 80.77, '2024-09-08'),
(634, 152, 'Daniel Castillo', 188.04, '2024-07-26'),
(635, 28, 'Paula Morales', 282.61, '2024-02-02'),
(636, 32, 'Paula Morales', 165.05, '2024-01-20'),
(637, 49, 'Paula Morales', 469.97, '2024-07-20'),
(638, 111, 'María García', 135.87, '2024-07-12'),
(639, 98, 'María García', 49.42, '2024-07-18'),
(640, 135, 'Sofía Torres', 483.73, '2024-01-18'),
(641, 173, 'Marta Domínguez', 232.39, '2024-08-30'),
(642, 193, 'Sofía Torres', 292.21, '2024-08-20'),
(643, 86, 'Luis Fernández', 399.97, '2024-01-11'),
(644, 22, 'Daniel Castillo', 214.92, '2024-05-22'),
(645, 79, 'Luis Fernández', 329.04, '2024-07-12'),
(646, 53, 'Sofía Torres', 318.02, '2024-11-03'),
(647, 125, 'Sofía Torres', 406.06, '2024-04-09'),
(648, 157, 'Pedro Martínez', 238.98, '2024-08-28'),
(649, 87, 'Ana López', 490.15, '2024-08-04'),
(650, 111, 'Pedro Martínez', 253.56, '2024-05-22'),
(651, 185, 'Juan Pérez', 448.30, '2024-08-09'),
(652, 19, 'Luis Fernández', 190.76, '2024-10-10'),
(653, 72, 'Carlos Sánchez', 240.53, '2024-12-14'),
(654, 115, 'Luis Fernández', 184.03, '2024-10-24'),
(655, 72, 'María García', 36.46, '2024-09-05'),
(656, 188, 'Marta Domínguez', 469.00, '2024-08-04'),
(657, 137, 'Daniel Castillo', 319.93, '2024-02-20'),
(658, 101, 'Paula Morales', 322.76, '2024-06-24'),
(659, 122, 'Pedro Martínez', 136.90, '2024-07-09'),
(660, 105, 'Luis Fernández', 281.42, '2024-10-28'),
(661, 184, 'Lucía Ramírez', 62.14, '2024-01-06'),
(662, 191, 'Juan Pérez', 63.38, '2024-04-20'),
(663, 173, 'Marta Domínguez', 82.65, '2024-04-09'),
(664, 186, 'Juan Pérez', 59.94, '2024-08-19'),
(665, 133, 'María García', 43.34, '2024-11-15'),
(666, 184, 'Luis Fernández', 124.88, '2024-05-09'),
(667, 189, 'Lucía Ramírez', 468.30, '2024-02-21'),
(668, 10, 'Carlos Sánchez', 113.13, '2024-03-21'),
(669, 164, 'Sofía Torres', 434.16, '2024-10-25'),
(670, 100, 'Daniel Castillo', 115.66, '2024-05-13'),
(671, 128, 'Paula Morales', 277.44, '2024-03-11'),
(672, 135, 'Paula Morales', 396.34, '2024-06-05'),
(673, 186, 'Sofía Torres', 399.32, '2024-03-18'),
(674, 91, 'María García', 318.58, '2024-11-08'),
(675, 149, 'María García', 353.31, '2024-02-11'),
(676, 119, 'Ana López', 415.86, '2024-03-24'),
(677, 143, 'Paula Morales', 418.16, '2024-06-19'),
(678, 113, 'Daniel Castillo', 20.91, '2024-04-27'),
(679, 30, 'Sofía Torres', 31.73, '2024-12-23'),
(680, 15, 'Marta Domínguez', 112.28, '2024-07-08'),
(681, 155, 'María García', 32.60, '2024-01-20'),
(682, 42, 'Carlos Sánchez', 376.77, '2024-11-02'),
(683, 99, 'Luis Fernández', 462.46, '2024-12-23'),
(684, 145, 'Lucía Ramírez', 475.70, '2024-12-01'),
(685, 24, 'Lucía Ramírez', 328.73, '2024-10-22'),
(686, 106, 'Ricardo Gómez', 336.27, '2024-08-19'),
(687, 62, 'Luis Fernández', 252.98, '2024-10-19'),
(688, 8, 'Juan Pérez', 78.09, '2024-03-17'),
(689, 131, 'Ana López', 246.06, '2024-06-22'),
(690, 53, 'Ricardo Gómez', 159.89, '2024-09-10'),
(691, 21, 'María García', 450.99, '2024-09-11'),
(692, 130, 'Juan Pérez', 163.63, '2024-02-28'),
(693, 143, 'Lucía Ramírez', 362.07, '2024-11-01'),
(694, 10, 'Daniel Castillo', 429.83, '2024-02-22'),
(695, 14, 'Ana López', 462.28, '2024-05-29'),
(696, 104, 'Pedro Martínez', 185.05, '2024-11-02'),
(697, 132, 'Paula Morales', 262.24, '2024-12-11'),
(698, 200, 'Paula Morales', 49.09, '2024-04-02'),
(699, 21, 'Daniel Castillo', 132.30, '2024-05-20'),
(700, 42, 'Juan Pérez', 499.23, '2024-10-29'),
(701, 77, 'Carlos Sánchez', 214.15, '2024-09-26'),
(702, 60, 'Sofía Torres', 412.49, '2024-07-22'),
(703, 89, 'Pedro Martínez', 447.71, '2024-11-27'),
(704, 124, 'Carlos Sánchez', 294.48, '2024-01-04'),
(705, 140, 'Pedro Martínez', 369.79, '2024-12-08'),
(706, 49, 'Luis Fernández', 317.50, '2024-11-29'),
(707, 180, 'Marta Domínguez', 134.87, '2024-03-03'),
(708, 83, 'Sofía Torres', 237.08, '2024-03-21'),
(709, 35, 'Juan Pérez', 141.80, '2024-10-21'),
(710, 28, 'Marta Domínguez', 269.92, '2024-06-28'),
(711, 35, 'Juan Pérez', 64.50, '2024-12-10'),
(712, 22, 'Luis Fernández', 172.07, '2024-06-05'),
(713, 170, 'Lucía Ramírez', 375.96, '2024-09-24'),
(714, 2, 'María García', 430.70, '2024-10-19'),
(715, 57, 'Daniel Castillo', 425.31, '2024-08-25'),
(716, 52, 'Luis Fernández', 396.68, '2024-12-02'),
(717, 20, 'María García', 274.94, '2024-08-30'),
(718, 87, 'Juan Pérez', 82.06, '2024-04-24'),
(719, 17, 'Carlos Sánchez', 255.08, '2024-07-03'),
(720, 1, 'Pedro Martínez', 107.23, '2024-12-30'),
(721, 157, 'Carlos Sánchez', 174.77, '2024-03-12'),
(722, 147, 'María García', 118.48, '2024-01-28'),
(723, 151, 'Luis Fernández', 202.65, '2024-10-29'),
(724, 18, 'María García', 408.92, '2024-12-03'),
(725, 149, 'Juan Pérez', 348.61, '2024-11-30'),
(726, 51, 'Ricardo Gómez', 216.71, '2024-09-10'),
(727, 190, 'Marta Domínguez', 352.32, '2024-07-27'),
(728, 53, 'María García', 473.42, '2024-05-09'),
(729, 103, 'María García', 62.32, '2024-01-11'),
(730, 172, 'Lucía Ramírez', 163.75, '2024-08-30'),
(731, 108, 'Daniel Castillo', 136.11, '2024-03-11'),
(732, 170, 'Daniel Castillo', 251.30, '2024-10-17'),
(733, 3, 'Pedro Martínez', 257.47, '2024-01-13'),
(734, 15, 'Daniel Castillo', 319.64, '2024-12-16'),
(735, 152, 'Lucía Ramírez', 338.05, '2024-06-21'),
(736, 72, 'Daniel Castillo', 221.32, '2024-06-23'),
(737, 71, 'Pedro Martínez', 231.67, '2024-07-21'),
(738, 129, 'Ana López', 273.31, '2024-07-11'),
(739, 150, 'Marta Domínguez', 318.42, '2024-02-23'),
(740, 65, 'Lucía Ramírez', 444.01, '2024-05-11'),
(741, 6, 'Carlos Sánchez', 454.39, '2024-04-09'),
(742, 135, 'Luis Fernández', 215.77, '2024-01-22'),
(743, 123, 'María García', 470.90, '2024-10-11'),
(744, 146, 'Daniel Castillo', 356.33, '2024-12-05'),
(745, 176, 'Pedro Martínez', 96.50, '2024-09-24'),
(746, 103, 'Ricardo Gómez', 44.88, '2024-06-11'),
(747, 2, 'Lucía Ramírez', 388.02, '2024-06-14'),
(748, 186, 'Marta Domínguez', 284.65, '2024-07-09'),
(749, 76, 'Daniel Castillo', 169.61, '2024-05-20'),
(750, 172, 'Daniel Castillo', 438.04, '2024-10-13'),
(751, 94, 'Carlos Sánchez', 353.24, '2024-10-16'),
(752, 107, 'Paula Morales', 386.60, '2024-04-15'),
(753, 191, 'Juan Pérez', 216.25, '2024-07-19'),
(754, 85, 'Juan Pérez', 252.51, '2024-12-06'),
(755, 128, 'Marta Domínguez', 300.46, '2024-11-12'),
(756, 50, 'Marta Domínguez', 365.26, '2024-03-02'),
(757, 33, 'María García', 210.52, '2024-07-26'),
(758, 115, 'María García', 164.96, '2024-04-16'),
(759, 83, 'Lucía Ramírez', 177.50, '2024-03-05'),
(760, 188, 'Ricardo Gómez', 276.09, '2024-11-20'),
(761, 160, 'Juan Pérez', 339.24, '2024-01-19'),
(762, 179, 'Ricardo Gómez', 440.27, '2024-11-08'),
(763, 73, 'Ana López', 213.31, '2024-09-03'),
(764, 89, 'Carlos Sánchez', 426.20, '2024-07-04'),
(765, 27, 'Paula Morales', 178.09, '2024-07-07'),
(766, 176, 'Ana López', 407.69, '2024-05-06'),
(767, 12, 'Luis Fernández', 332.52, '2024-02-25'),
(768, 19, 'Ana López', 146.13, '2024-11-23'),
(769, 63, 'Juan Pérez', 65.63, '2024-12-27'),
(770, 35, 'Ana López', 303.59, '2024-03-29'),
(771, 197, 'Sofía Torres', 368.27, '2024-04-29'),
(772, 62, 'Juan Pérez', 423.38, '2024-06-01'),
(773, 62, 'Marta Domínguez', 57.78, '2024-05-04'),
(774, 110, 'Daniel Castillo', 474.12, '2024-11-11'),
(775, 129, 'Juan Pérez', 259.21, '2024-11-12'),
(776, 97, 'Ricardo Gómez', 341.71, '2024-03-10'),
(777, 69, 'Lucía Ramírez', 228.16, '2024-02-23'),
(778, 190, 'Carlos Sánchez', 472.75, '2024-06-19'),
(779, 52, 'Carlos Sánchez', 238.72, '2024-05-12'),
(780, 8, 'Carlos Sánchez', 45.70, '2024-06-02'),
(781, 140, 'Carlos Sánchez', 330.28, '2024-08-23'),
(782, 53, 'Daniel Castillo', 403.90, '2024-01-28'),
(783, 154, 'Pedro Martínez', 196.18, '2024-12-24'),
(784, 9, 'Juan Pérez', 453.78, '2024-10-14'),
(785, 99, 'Paula Morales', 25.19, '2024-08-06'),
(786, 91, 'Carlos Sánchez', 401.58, '2024-11-30'),
(787, 93, 'Carlos Sánchez', 328.13, '2024-12-05'),
(788, 178, 'Pedro Martínez', 272.45, '2024-12-28'),
(789, 102, 'Ana López', 367.81, '2024-04-05'),
(790, 58, 'Paula Morales', 64.62, '2024-05-23'),
(791, 192, 'Ana López', 100.54, '2024-10-23'),
(792, 89, 'Pedro Martínez', 50.33, '2024-01-31'),
(793, 42, 'Carlos Sánchez', 128.94, '2024-08-06'),
(794, 190, 'Luis Fernández', 95.80, '2024-06-27'),
(795, 108, 'Marta Domínguez', 195.34, '2024-02-03'),
(796, 64, 'Sofía Torres', 136.54, '2024-10-08'),
(797, 121, 'Marta Domínguez', 319.28, '2024-08-06'),
(798, 57, 'Paula Morales', 20.66, '2024-07-25'),
(799, 56, 'Juan Pérez', 416.95, '2024-09-16'),
(800, 113, 'Paula Morales', 447.15, '2024-06-22'),
(801, 5, 'María García', 314.81, '2024-07-17'),
(802, 12, 'María García', 189.40, '2024-10-31'),
(803, 115, 'Daniel Castillo', 56.63, '2024-03-22'),
(804, 125, 'Sofía Torres', 150.44, '2024-03-03'),
(805, 13, 'María García', 477.86, '2024-11-02'),
(806, 45, 'Juan Pérez', 54.40, '2024-03-19'),
(807, 42, 'Marta Domínguez', 350.43, '2024-09-15'),
(808, 77, 'Pedro Martínez', 68.04, '2024-04-14'),
(809, 57, 'Lucía Ramírez', 43.18, '2024-10-28'),
(810, 70, 'Juan Pérez', 207.07, '2024-10-28'),
(811, 8, 'Luis Fernández', 294.04, '2024-05-06'),
(812, 49, 'Daniel Castillo', 195.61, '2024-12-18'),
(813, 87, 'Marta Domínguez', 289.93, '2024-09-29'),
(814, 41, 'Luis Fernández', 228.68, '2024-10-04'),
(815, 21, 'Juan Pérez', 121.22, '2024-11-26'),
(816, 17, 'Juan Pérez', 454.73, '2024-07-20'),
(817, 163, 'Pedro Martínez', 267.92, '2024-03-12'),
(818, 29, 'Lucía Ramírez', 405.16, '2024-07-18'),
(819, 56, 'Pedro Martínez', 259.50, '2024-01-06'),
(820, 46, 'Juan Pérez', 335.85, '2024-12-04'),
(821, 183, 'Pedro Martínez', 62.60, '2024-04-28'),
(822, 200, 'Marta Domínguez', 358.49, '2024-08-16'),
(823, 183, 'Daniel Castillo', 390.29, '2024-06-20'),
(824, 122, 'Juan Pérez', 278.93, '2024-05-18'),
(825, 101, 'Sofía Torres', 173.71, '2024-01-20'),
(826, 137, 'Daniel Castillo', 305.24, '2024-10-18'),
(827, 192, 'Carlos Sánchez', 241.84, '2024-09-09'),
(828, 136, 'Carlos Sánchez', 49.24, '2024-07-24'),
(829, 14, 'Marta Domínguez', 124.49, '2024-01-23'),
(830, 37, 'Sofía Torres', 285.87, '2024-02-16'),
(831, 142, 'Sofía Torres', 323.25, '2024-03-05'),
(832, 81, 'Lucía Ramírez', 473.55, '2024-05-14'),
(833, 86, 'Sofía Torres', 153.16, '2024-07-22'),
(834, 156, 'Luis Fernández', 64.83, '2024-05-11'),
(835, 95, 'Sofía Torres', 431.33, '2024-10-08'),
(836, 49, 'Juan Pérez', 111.63, '2024-10-14'),
(837, 40, 'Ricardo Gómez', 361.64, '2024-08-09'),
(838, 188, 'Sofía Torres', 384.88, '2024-01-13'),
(839, 172, 'Sofía Torres', 335.35, '2024-11-23'),
(840, 182, 'Lucía Ramírez', 468.47, '2024-04-06'),
(841, 15, 'Sofía Torres', 478.49, '2024-02-12'),
(842, 47, 'Daniel Castillo', 242.84, '2024-01-02'),
(843, 91, 'Juan Pérez', 50.22, '2024-06-20'),
(844, 56, 'Luis Fernández', 383.31, '2024-07-21'),
(845, 126, 'Ricardo Gómez', 401.63, '2024-11-28'),
(846, 199, 'Luis Fernández', 241.40, '2024-01-08'),
(847, 163, 'Marta Domínguez', 484.07, '2024-04-18'),
(848, 48, 'Pedro Martínez', 205.67, '2024-11-16'),
(849, 95, 'Ana López', 188.44, '2024-10-03'),
(850, 83, 'Ana López', 96.42, '2024-05-14'),
(851, 194, 'Luis Fernández', 341.62, '2024-07-31'),
(852, 171, 'Daniel Castillo', 469.01, '2024-04-23'),
(853, 170, 'Marta Domínguez', 170.16, '2024-12-06'),
(854, 65, 'Carlos Sánchez', 426.24, '2024-11-12'),
(855, 185, 'Marta Domínguez', 76.38, '2024-08-20'),
(856, 189, 'Daniel Castillo', 453.91, '2024-11-26'),
(857, 34, 'María García', 443.89, '2024-09-09'),
(858, 182, 'Daniel Castillo', 120.26, '2024-06-03'),
(859, 27, 'Daniel Castillo', 216.54, '2024-05-01'),
(860, 15, 'Juan Pérez', 369.15, '2024-08-23'),
(861, 128, 'Marta Domínguez', 308.81, '2024-12-21'),
(862, 10, 'Pedro Martínez', 105.39, '2024-11-24'),
(863, 40, 'María García', 23.97, '2024-10-22'),
(864, 138, 'Lucía Ramírez', 201.41, '2024-09-13'),
(865, 193, 'Daniel Castillo', 293.82, '2024-02-24'),
(866, 75, 'Marta Domínguez', 93.60, '2024-10-05'),
(867, 83, 'Juan Pérez', 456.23, '2024-08-04'),
(868, 36, 'Sofía Torres', 44.87, '2024-10-28'),
(869, 83, 'Luis Fernández', 103.02, '2024-05-15'),
(870, 45, 'Daniel Castillo', 249.35, '2024-05-07'),
(871, 183, 'Juan Pérez', 468.15, '2024-03-06'),
(872, 40, 'Paula Morales', 424.57, '2024-02-12'),
(873, 168, 'Pedro Martínez', 212.37, '2024-09-24'),
(874, 164, 'Sofía Torres', 288.82, '2024-12-30'),
(875, 33, 'Pedro Martínez', 461.37, '2024-10-19'),
(876, 119, 'Pedro Martínez', 159.11, '2024-05-10'),
(877, 78, 'María García', 283.72, '2024-07-07'),
(878, 137, 'Carlos Sánchez', 426.57, '2024-02-18'),
(879, 13, 'Marta Domínguez', 391.89, '2024-05-21'),
(880, 78, 'María García', 458.43, '2024-02-04'),
(881, 174, 'Pedro Martínez', 415.21, '2024-05-30'),
(882, 191, 'Pedro Martínez', 124.60, '2024-11-17'),
(883, 176, 'Daniel Castillo', 378.27, '2024-04-15'),
(884, 15, 'Ana López', 466.39, '2024-06-01'),
(885, 93, 'Lucía Ramírez', 132.21, '2024-12-23'),
(886, 50, 'María García', 275.28, '2024-11-23'),
(887, 191, 'Ricardo Gómez', 75.86, '2024-04-20'),
(888, 179, 'Carlos Sánchez', 171.65, '2024-04-18'),
(889, 127, 'Ana López', 270.96, '2024-02-26'),
(890, 91, 'María García', 189.83, '2024-02-20'),
(891, 102, 'Marta Domínguez', 68.93, '2024-06-30'),
(892, 106, 'Ricardo Gómez', 309.68, '2024-08-29'),
(893, 55, 'Sofía Torres', 301.14, '2024-11-25'),
(894, 144, 'María García', 225.73, '2024-05-20'),
(895, 84, 'Juan Pérez', 305.02, '2024-12-30'),
(896, 140, 'Ricardo Gómez', 187.83, '2024-11-11'),
(897, 157, 'Paula Morales', 369.21, '2024-01-12'),
(898, 152, 'Ana López', 85.63, '2024-07-05'),
(899, 11, 'Marta Domínguez', 498.58, '2024-02-06'),
(900, 4, 'Juan Pérez', 467.18, '2024-10-19'),
(901, 144, 'Ana López', 77.94, '2024-08-05'),
(902, 178, 'Ana López', 83.52, '2024-10-07'),
(903, 55, 'Luis Fernández', 57.93, '2024-07-17'),
(904, 96, 'Paula Morales', 432.72, '2024-07-02'),
(905, 157, 'Daniel Castillo', 273.73, '2024-05-17'),
(906, 159, 'Lucía Ramírez', 59.78, '2024-12-07'),
(907, 124, 'Juan Pérez', 398.54, '2024-12-14'),
(908, 102, 'Pedro Martínez', 270.77, '2024-10-18'),
(909, 86, 'Sofía Torres', 173.06, '2024-02-26'),
(910, 75, 'Pedro Martínez', 230.06, '2024-12-09'),
(911, 18, 'María García', 481.85, '2024-12-23'),
(912, 17, 'Lucía Ramírez', 128.28, '2024-12-20'),
(913, 106, 'Paula Morales', 110.96, '2024-10-24'),
(914, 92, 'Ana López', 427.16, '2024-12-15'),
(915, 113, 'Daniel Castillo', 236.78, '2024-07-29'),
(916, 116, 'Ana López', 302.36, '2024-04-12'),
(917, 104, 'Daniel Castillo', 239.90, '2024-05-14'),
(918, 9, 'Lucía Ramírez', 477.67, '2024-05-19'),
(919, 92, 'Marta Domínguez', 202.34, '2024-10-05'),
(920, 48, 'Sofía Torres', 186.84, '2024-05-26'),
(921, 23, 'Carlos Sánchez', 163.38, '2024-11-16'),
(922, 192, 'Juan Pérez', 287.14, '2024-07-19'),
(923, 32, 'Luis Fernández', 385.18, '2024-01-24'),
(924, 43, 'María García', 38.11, '2024-08-15'),
(925, 177, 'Daniel Castillo', 222.21, '2024-12-12'),
(926, 55, 'Ana López', 183.90, '2024-04-24'),
(927, 199, 'Lucía Ramírez', 388.54, '2024-04-01'),
(928, 180, 'Luis Fernández', 218.70, '2024-06-24'),
(929, 160, 'Sofía Torres', 168.56, '2024-03-29'),
(930, 150, 'Luis Fernández', 274.75, '2024-01-01'),
(931, 63, 'Paula Morales', 342.21, '2024-11-21'),
(932, 111, 'Daniel Castillo', 42.70, '2024-06-27'),
(933, 164, 'María García', 335.82, '2024-07-06'),
(934, 7, 'Sofía Torres', 470.93, '2024-08-02'),
(935, 132, 'Carlos Sánchez', 154.61, '2024-09-16'),
(936, 1, 'Daniel Castillo', 113.65, '2024-07-31'),
(937, 108, 'María García', 194.07, '2024-09-21'),
(938, 197, 'Ricardo Gómez', 423.43, '2024-08-05'),
(939, 170, 'Pedro Martínez', 61.48, '2024-10-02'),
(940, 6, 'Sofía Torres', 325.04, '2024-05-17'),
(941, 13, 'Carlos Sánchez', 105.29, '2024-07-18'),
(942, 22, 'Ricardo Gómez', 297.32, '2024-03-31'),
(943, 96, 'María García', 104.56, '2024-02-18'),
(944, 171, 'Daniel Castillo', 37.26, '2024-02-25'),
(945, 137, 'Carlos Sánchez', 121.83, '2024-08-03'),
(946, 34, 'Ricardo Gómez', 102.34, '2024-08-17'),
(947, 25, 'Luis Fernández', 33.73, '2024-12-12'),
(948, 166, 'María García', 402.90, '2024-12-02'),
(949, 182, 'Paula Morales', 63.49, '2024-04-20'),
(950, 105, 'Carlos Sánchez', 100.82, '2024-06-01'),
(951, 186, 'Sofía Torres', 304.92, '2024-05-19'),
(952, 116, 'Marta Domínguez', 374.24, '2024-06-10'),
(953, 130, 'Paula Morales', 373.34, '2024-09-26'),
(954, 32, 'Carlos Sánchez', 252.67, '2024-08-17'),
(955, 16, 'Lucía Ramírez', 136.36, '2024-01-30'),
(956, 138, 'Marta Domínguez', 478.51, '2024-10-31'),
(957, 101, 'Daniel Castillo', 355.93, '2024-02-03'),
(958, 171, 'Juan Pérez', 393.56, '2024-01-05'),
(959, 106, 'Ricardo Gómez', 34.50, '2024-02-15'),
(960, 97, 'Sofía Torres', 171.93, '2024-02-19'),
(961, 111, 'Sofía Torres', 142.07, '2024-02-10'),
(962, 81, 'Lucía Ramírez', 297.30, '2024-07-03'),
(963, 112, 'Marta Domínguez', 104.02, '2024-10-28'),
(964, 150, 'Paula Morales', 43.61, '2024-04-27'),
(965, 154, 'Ricardo Gómez', 90.43, '2024-06-18'),
(966, 62, 'Luis Fernández', 381.30, '2024-03-07'),
(967, 27, 'Paula Morales', 116.89, '2024-04-30'),
(968, 6, 'Pedro Martínez', 317.12, '2024-07-23'),
(969, 54, 'Luis Fernández', 28.90, '2024-11-22'),
(970, 55, 'Sofía Torres', 356.08, '2024-03-21'),
(971, 187, 'Lucía Ramírez', 420.34, '2024-06-10'),
(972, 36, 'Paula Morales', 88.53, '2024-04-06'),
(973, 98, 'Ricardo Gómez', 41.32, '2024-10-20'),
(974, 130, 'Juan Pérez', 423.69, '2024-11-13'),
(975, 173, 'Carlos Sánchez', 20.19, '2024-07-26'),
(976, 7, 'Sofía Torres', 446.66, '2024-02-12'),
(977, 37, 'Marta Domínguez', 485.53, '2024-05-26'),
(978, 172, 'Ana López', 373.89, '2024-01-01'),
(979, 151, 'Ricardo Gómez', 395.10, '2024-03-07'),
(980, 60, 'Juan Pérez', 321.72, '2024-01-23'),
(981, 168, 'Carlos Sánchez', 23.63, '2024-02-14'),
(982, 30, 'Carlos Sánchez', 367.62, '2024-02-18'),
(983, 66, 'Marta Domínguez', 417.24, '2024-04-30'),
(984, 178, 'Daniel Castillo', 448.01, '2024-07-27'),
(985, 49, 'Sofía Torres', 361.01, '2024-03-09'),
(986, 159, 'Juan Pérez', 298.82, '2024-06-23'),
(987, 38, 'María García', 325.93, '2024-08-14'),
(988, 18, 'Ricardo Gómez', 426.42, '2024-09-14'),
(989, 183, 'Juan Pérez', 169.20, '2024-02-20'),
(990, 6, 'Daniel Castillo', 243.53, '2024-10-16'),
(991, 108, 'Sofía Torres', 304.46, '2024-09-01'),
(992, 131, 'Ricardo Gómez', 288.17, '2024-08-28'),
(993, 99, 'Daniel Castillo', 206.65, '2024-08-23'),
(994, 96, 'Lucía Ramírez', 357.95, '2024-07-31'),
(995, 149, 'María García', 133.22, '2024-10-28'),
(996, 23, 'Pedro Martínez', 247.25, '2024-04-16'),
(997, 33, 'Luis Fernández', 201.16, '2024-04-22'),
(998, 74, 'Luis Fernández', 429.36, '2024-07-07'),
(999, 42, 'Luis Fernández', 127.48, '2024-01-16'),
(1000, 153, 'María García', 77.88, '2024-05-18');

--
-- Índices para tablas volcadas
--

--
-- Indices de la tabla `clientes`
--
ALTER TABLE `clientes`
  ADD PRIMARY KEY (`id`);

--
-- Indices de la tabla `config`
--
ALTER TABLE `config`
  ADD PRIMARY KEY (`id`);

--
-- Indices de la tabla `detalle`
--
ALTER TABLE `detalle`
  ADD PRIMARY KEY (`id`),
  ADD KEY `id_venta` (`id_venta`),
  ADD KEY `id_pro` (`id_pro`);

--
-- Indices de la tabla `productos`
--
ALTER TABLE `productos`
  ADD PRIMARY KEY (`id`),
  ADD KEY `proveedor` (`proveedor`);

--
-- Indices de la tabla `proveedor`
--
ALTER TABLE `proveedor`
  ADD PRIMARY KEY (`id`);

--
-- Indices de la tabla `usuarios`
--
ALTER TABLE `usuarios`
  ADD PRIMARY KEY (`id`);

--
-- Indices de la tabla `ventas`
--
ALTER TABLE `ventas`
  ADD PRIMARY KEY (`id`),
  ADD KEY `cliente` (`cliente`);

--
-- AUTO_INCREMENT de las tablas volcadas
--

--
-- AUTO_INCREMENT de la tabla `clientes`
--
ALTER TABLE `clientes`
  MODIFY `id` int(11) NOT NULL AUTO_INCREMENT, AUTO_INCREMENT=10002;

--
-- AUTO_INCREMENT de la tabla `config`
--
ALTER TABLE `config`
  MODIFY `id` int(11) NOT NULL AUTO_INCREMENT, AUTO_INCREMENT=2;

--
-- AUTO_INCREMENT de la tabla `detalle`
--
ALTER TABLE `detalle`
  MODIFY `id` int(11) NOT NULL AUTO_INCREMENT, AUTO_INCREMENT=1001;

--
-- AUTO_INCREMENT de la tabla `productos`
--
ALTER TABLE `productos`
  MODIFY `id` int(11) NOT NULL AUTO_INCREMENT, AUTO_INCREMENT=1001;

--
-- AUTO_INCREMENT de la tabla `proveedor`
--
ALTER TABLE `proveedor`
  MODIFY `id` int(11) NOT NULL AUTO_INCREMENT, AUTO_INCREMENT=1001;

--
-- AUTO_INCREMENT de la tabla `usuarios`
--
ALTER TABLE `usuarios`
  MODIFY `id` int(11) NOT NULL AUTO_INCREMENT, AUTO_INCREMENT=3;

--
-- AUTO_INCREMENT de la tabla `ventas`
--
ALTER TABLE `ventas`
  MODIFY `id` int(11) NOT NULL AUTO_INCREMENT, AUTO_INCREMENT=1001;

--
-- Restricciones para tablas volcadas
--

--
-- Filtros para la tabla `detalle`
--
ALTER TABLE `detalle`
  ADD CONSTRAINT `detalle_ibfk_1` FOREIGN KEY (`id_pro`) REFERENCES `productos` (`id`) ON DELETE CASCADE ON UPDATE CASCADE,
  ADD CONSTRAINT `detalle_ibfk_2` FOREIGN KEY (`id_venta`) REFERENCES `ventas` (`id`) ON DELETE CASCADE ON UPDATE CASCADE;

--
-- Filtros para la tabla `productos`
--
ALTER TABLE `productos`
  ADD CONSTRAINT `productos_ibfk_1` FOREIGN KEY (`proveedor`) REFERENCES `proveedor` (`id`) ON DELETE CASCADE ON UPDATE CASCADE;

--
-- Filtros para la tabla `ventas`
--
ALTER TABLE `ventas`
  ADD CONSTRAINT `ventas_ibfk_1` FOREIGN KEY (`cliente`) REFERENCES `clientes` (`id`) ON DELETE CASCADE ON UPDATE CASCADE;
COMMIT;

/*!40101 SET CHARACTER_SET_CLIENT=@OLD_CHARACTER_SET_CLIENT */;
/*!40101 SET CHARACTER_SET_RESULTS=@OLD_CHARACTER_SET_RESULTS */;
/*!40101 SET COLLATION_CONNECTION=@OLD_COLLATION_CONNECTION */;
